d,practice_id,yhat,pi_low,pi_high,is_forecast
2022-01-01,PRA1,5635.67,,,0
2022-01-02,PRA1,5476.95,,,0
2022-01-03,PRA1,5549.68,,,0
2022-01-04,PRA1,3446.95,,,0
2022-01-05,PRA1,2920.19,,,0
2022-01-06,PRA1,2163.22,,,0
2022-01-07,PRA1,4778.33,,,0
2022-01-08,PRA1,2505.19,,,0
2022-01-09,PRA1,3414.71,,,0
2022-01-10,PRA1,4383.0,,,0
2022-01-11,PRA1,4264.64,,,0
2022-01-12,PRA1,5114.04,,,0
2022-01-13,PRA1,3042.84,,,0
2022-01-14,PRA1,3508.45,,,0
2022-01-15,PRA1,3811.13,,,0
2022-01-16,PRA1,4043.77,,,0
2022-01-17,PRA1,4071.59,,,0
2022-01-18,PRA1,5114.77,,,0
2022-01-19,PRA1,5289.78,,,0
2022-01-20,PRA1,5233.69,,,0
2022-01-21,PRA1,3031.04,,,0
2022-01-22,PRA1,3783.64,,,0
2022-01-23,PRA1,2939.15,,,0
2022-01-24,PRA1,4779.48,,,0
2022-01-25,PRA1,2744.69,,,0
2022-01-26,PRA1,3636.58,,,0
2022-01-27,PRA1,3223.81,,,0
2022-01-28,PRA1,2737.28,,,0
2022-01-29,PRA1,5640.6,,,0
2022-01-30,PRA1,4652.87,,,0
2022-01-31,PRA1,2527.56,,,0
2022-02-01,PRA1,3843.77,,,0
2022-02-02,PRA1,3312.84,,,0
2022-02-03,PRA1,3534.57,,,0
2022-02-04,PRA1,3061.58,,,0
2022-02-05,PRA1,3099.53,,,0
2022-02-06,PRA1,3677.08,,,0
2022-02-07,PRA1,4461.78,,,0
2022-02-08,PRA1,5097.12,,,0
2022-02-09,PRA1,6301.07,,,0
2022-02-10,PRA1,4247.14,,,0
2022-02-11,PRA1,3893.95,,,0
2022-02-12,PRA1,3399.78,,,0
2022-02-13,PRA1,4719.56,,,0
2022-02-14,PRA1,4672.77,,,0
2022-02-15,PRA1,2858.55,,,0
2022-02-16,PRA1,3282.12,,,0
2022-02-17,PRA1,3175.94,,,0
2022-02-18,PRA1,3690.78,,,0
2022-02-19,PRA1,5024.15,,,0
2022-02-20,PRA1,4328.24,,,0
2022-02-21,PRA1,3690.99,,,0
2022-02-22,PRA1,4278.4,,,0
2022-02-23,PRA1,2524.95,,,0
2022-02-24,PRA1,5107.26,,,0
2022-02-25,PRA1,3847.41,,,0
2022-02-26,PRA1,6584.62,,,0
2022-02-27,PRA1,2868.71,,,0
2022-02-28,PRA1,7252.55,,,0
2022-03-01,PRA1,3992.37,,,0
2022-03-02,PRA1,6683.77,,,0
2022-03-03,PRA1,3103.93,,,0
2022-03-04,PRA1,4998.61,,,0
2022-03-05,PRA1,4536.84,,,0
2022-03-06,PRA1,3621.09,,,0
2022-03-07,PRA1,3925.73,,,0
2022-03-08,PRA1,5174.73,,,0
2022-03-09,PRA1,5105.02,,,0
2022-03-10,PRA1,3456.92,,,0
2022-03-11,PRA1,2585.11,,,0
2022-03-12,PRA1,3247.65,,,0
2022-03-13,PRA1,5287.21,,,0
2022-03-14,PRA1,3732.49,,,0
2022-03-15,PRA1,4199.54,,,0
2022-03-16,PRA1,5421.63,,,0
2022-03-17,PRA1,5786.75,,,0
2022-03-18,PRA1,2815.14,,,0
2022-03-19,PRA1,4491.06,,,0
2022-03-20,PRA1,3369.4,,,0
2022-03-21,PRA1,2690.17,,,0
2022-03-22,PRA1,2964.87,,,0
2022-03-23,PRA1,3607.65,,,0
2022-03-24,PRA1,3521.8,,,0
2022-03-25,PRA1,4890.18,,,0
2022-03-26,PRA1,3327.28,,,0
2022-03-27,PRA1,3665.68,,,0
2022-03-28,PRA1,2865.1,,,0
2022-03-29,PRA1,4256.33,,,0
2022-03-30,PRA1,4584.12,,,0
2022-03-31,PRA1,3488.31,,,0
2022-04-01,PRA1,3535.04,,,0
2022-04-02,PRA1,4061.57,,,0
2022-04-03,PRA1,6183.4,,,0
2022-04-04,PRA1,3106.34,,,0
2022-04-05,PRA1,4878.99,,,0
2022-04-06,PRA1,3800.56,,,0
2022-04-07,PRA1,4121.26,,,0
2022-04-08,PRA1,2979.72,,,0
2022-04-09,PRA1,4469.54,,,0
2022-04-10,PRA1,5797.77,,,0
2022-04-11,PRA1,4980.28,,,0
2022-04-12,PRA1,4196.61,,,0
2022-04-13,PRA1,4342.31,,,0
2022-04-14,PRA1,6084.53,,,0
2022-04-15,PRA1,2176.63,,,0
2022-04-16,PRA1,5112.11,,,0
2022-04-17,PRA1,5473.78,,,0
2022-04-18,PRA1,4568.73,,,0
2022-04-19,PRA1,4550.6900000000005,,,0
2022-04-20,PRA1,3672.39,,,0
2022-04-21,PRA1,6111.66,,,0
2022-04-22,PRA1,2535.14,,,0
2022-04-23,PRA1,3215.34,,,0
2022-04-24,PRA1,3426.75,,,0
2022-04-25,PRA1,3414.72,,,0
2022-04-26,PRA1,4779.09,,,0
2022-04-27,PRA1,3088.8,,,0
2022-04-28,PRA1,4252.09,,,0
2022-04-29,PRA1,4002.17,,,0
2022-04-30,PRA1,1734.09,,,0
2022-05-01,PRA1,3311.52,,,0
2022-05-02,PRA1,3653.85,,,0
2022-05-03,PRA1,5085.07,,,0
2022-05-04,PRA1,4225.27,,,0
2022-05-05,PRA1,4223.13,,,0
2022-05-06,PRA1,3915.77,,,0
2022-05-07,PRA1,2943.06,,,0
2022-05-08,PRA1,5970.01,,,0
2022-05-09,PRA1,5123.5,,,0
2022-05-10,PRA1,3334.23,,,0
2022-05-11,PRA1,3699.43,,,0
2022-05-12,PRA1,4452.88,,,0
2022-05-13,PRA1,2762.84,,,0
2022-05-14,PRA1,2717.34,,,0
2022-05-15,PRA1,3686.48,,,0
2022-05-16,PRA1,2198.26,,,0
2022-05-17,PRA1,2904.09,,,0
2022-05-18,PRA1,4686.78,,,0
2022-05-19,PRA1,3942.47,,,0
2022-05-20,PRA1,5167.79,,,0
2022-05-21,PRA1,2730.75,,,0
2022-05-22,PRA1,3113.41,,,0
2022-05-23,PRA1,3439.08,,,0
2022-05-24,PRA1,3881.1,,,0
2022-05-25,PRA1,3135.66,,,0
2022-05-26,PRA1,3503.35,,,0
2022-05-27,PRA1,5851.06,,,0
2022-05-28,PRA1,3121.16,,,0
2022-05-29,PRA1,3860.52,,,0
2022-05-30,PRA1,2464.27,,,0
2022-05-31,PRA1,3006.75,,,0
2022-06-01,PRA1,4554.1,,,0
2022-06-02,PRA1,5065.58,,,0
2022-06-03,PRA1,3981.22,,,0
2022-06-04,PRA1,4512.2,,,0
2022-06-05,PRA1,3836.12,,,0
2022-06-06,PRA1,5646.85,,,0
2022-06-07,PRA1,6301.25,,,0
2022-06-08,PRA1,4698.92,,,0
2022-06-09,PRA1,2827.06,,,0
2022-06-10,PRA1,3796.03,,,0
2022-06-11,PRA1,4693.39,,,0
2022-06-12,PRA1,2193.78,,,0
2022-06-13,PRA1,4399.88,,,0
2022-06-14,PRA1,4692.72,,,0
2022-06-15,PRA1,2635.27,,,0
2022-06-16,PRA1,2861.34,,,0
2022-06-17,PRA1,1316.52,,,0
2022-06-18,PRA1,3005.59,,,0
2022-06-19,PRA1,2651.62,,,0
2022-06-20,PRA1,3932.61,,,0
2022-06-21,PRA1,3794.87,,,0
2022-06-22,PRA1,4824.17,,,0
2022-06-23,PRA1,2339.33,,,0
2022-06-24,PRA1,3622.13,,,0
2022-06-25,PRA1,1901.04,,,0
2022-06-26,PRA1,2921.64,,,0
2022-06-27,PRA1,5069.66,,,0
2022-06-28,PRA1,4274.35,,,0
2022-06-29,PRA1,3749.49,,,0
2022-06-30,PRA1,3092.58,,,0
2022-07-01,PRA1,4913.72,,,0
2022-07-02,PRA1,4469.8,,,0
2022-07-03,PRA1,2696.96,,,0
2022-07-04,PRA1,5440.07,,,0
2022-07-05,PRA1,2744.21,,,0
2022-07-06,PRA1,4714.62,,,0
2022-07-07,PRA1,3461.79,,,0
2022-07-08,PRA1,4263.71,,,0
2022-07-09,PRA1,3026.66,,,0
2022-07-10,PRA1,4960.68,,,0
2022-07-11,PRA1,4360.96,,,0
2022-07-12,PRA1,3890.42,,,0
2022-07-13,PRA1,3115.3,,,0
2022-07-14,PRA1,3657.2,,,0
2022-07-15,PRA1,3367.96,,,0
2022-07-16,PRA1,3005.65,,,0
2022-07-17,PRA1,3974.93,,,0
2022-07-18,PRA1,4416.61,,,0
2022-07-19,PRA1,2206.68,,,0
2022-07-20,PRA1,3863.72,,,0
2022-07-21,PRA1,2864.5,,,0
2022-07-22,PRA1,4223.2300000000005,,,0
2022-07-23,PRA1,4183.44,,,0
2022-07-24,PRA1,4141.33,,,0
2022-07-25,PRA1,3199.2,,,0
2022-07-26,PRA1,3268.48,,,0
2022-07-27,PRA1,2674.98,,,0
2022-07-28,PRA1,2931.53,,,0
2022-07-29,PRA1,3262.43,,,0
2022-07-30,PRA1,2655.79,,,0
2022-07-31,PRA1,3386.57,,,0
2022-08-01,PRA1,3806.27,,,0
2022-08-02,PRA1,2958.61,,,0
2022-08-03,PRA1,2468.5,,,0
2022-08-04,PRA1,3590.17,,,0
2022-08-05,PRA1,3589.77,,,0
2022-08-06,PRA1,1653.73,,,0
2022-08-07,PRA1,3310.8,,,0
2022-08-08,PRA1,2891.51,,,0
2022-08-09,PRA1,3024.49,,,0
2022-08-10,PRA1,3981.77,,,0
2022-08-11,PRA1,3687.4,,,0
2022-08-12,PRA1,2433.15,,,0
2022-08-13,PRA1,5439.67,,,0
2022-08-14,PRA1,2428.53,,,0
2022-08-15,PRA1,2629.48,,,0
2022-08-16,PRA1,3428.91,,,0
2022-08-17,PRA1,4620.8,,,0
2022-08-18,PRA1,1701.66,,,0
2022-08-19,PRA1,3884.32,,,0
2022-08-20,PRA1,2884.55,,,0
2022-08-21,PRA1,2271.05,,,0
2022-08-22,PRA1,3782.77,,,0
2022-08-23,PRA1,3073.39,,,0
2022-08-24,PRA1,2533.89,,,0
2022-08-25,PRA1,2319.43,,,0
2022-08-26,PRA1,1573.29,,,0
2022-08-27,PRA1,3150.66,,,0
2022-08-28,PRA1,1039.2,,,0
2022-08-29,PRA1,2671.18,,,0
2022-08-30,PRA1,4366.98,,,0
2022-08-31,PRA1,2491.63,,,0
2022-09-01,PRA1,3890.87,,,0
2022-09-02,PRA1,1874.71,,,0
2022-09-03,PRA1,1981.14,,,0
2022-09-04,PRA1,3042.56,,,0
2022-09-05,PRA1,2782.15,,,0
2022-09-06,PRA1,4891.67,,,0
2022-09-07,PRA1,5172.29,,,0
2022-09-08,PRA1,1258.18,,,0
2022-09-09,PRA1,2389.94,,,0
2022-09-10,PRA1,2309.08,,,0
2022-09-11,PRA1,2622.81,,,0
2022-09-12,PRA1,1403.14,,,0
2022-09-13,PRA1,3475.3,,,0
2022-09-14,PRA1,2899.82,,,0
2022-09-15,PRA1,1944.73,,,0
2022-09-16,PRA1,2203.37,,,0
2022-09-17,PRA1,2343.1,,,0
2022-09-18,PRA1,3832.29,,,0
2022-09-19,PRA1,1611.19,,,0
2022-09-20,PRA1,3356.05,,,0
2022-09-21,PRA1,2974.62,,,0
2022-09-22,PRA1,2912.58,,,0
2022-09-23,PRA1,2887.3,,,0
2022-09-24,PRA1,1596.97,,,0
2022-09-25,PRA1,2283.98,,,0
2022-09-26,PRA1,3462.47,,,0
2022-09-27,PRA1,1627.25,,,0
2022-09-28,PRA1,3132.19,,,0
2022-09-29,PRA1,2042.37,,,0
2022-09-30,PRA1,4025.18,,,0
2022-10-01,PRA1,3049.41,,,0
2022-10-02,PRA1,2457.59,,,0
2022-10-03,PRA1,2781.54,,,0
2022-10-04,PRA1,3296.97,,,0
2022-10-05,PRA1,3363.85,,,0
2022-10-06,PRA1,3868.23,,,0
2022-10-07,PRA1,2893.47,,,0
2022-10-08,PRA1,2261.85,,,0
2022-10-09,PRA1,3217.4700000000003,,,0
2022-10-10,PRA1,3024.49,,,0
2022-10-11,PRA1,3579.18,,,0
2022-10-12,PRA1,3606.4,,,0
2022-10-13,PRA1,4753.65,,,0
2022-10-14,PRA1,1820.67,,,0
2022-10-15,PRA1,3201.19,,,0
2022-10-16,PRA1,3482.89,,,0
2022-10-17,PRA1,1819.94,,,0
2022-10-18,PRA1,2972.18,,,0
2022-10-19,PRA1,2686.16,,,0
2022-10-20,PRA1,5024.47,,,0
2022-10-21,PRA1,2497.81,,,0
2022-10-22,PRA1,4168.21,,,0
2022-10-23,PRA1,1318.41,,,0
2022-10-24,PRA1,4393.48,,,0
2022-10-25,PRA1,4714.36,,,0
2022-10-26,PRA1,3448.47,,,0
2022-10-27,PRA1,3078.35,,,0
2022-10-28,PRA1,3334.81,,,0
2022-10-29,PRA1,2966.1,,,0
2022-10-30,PRA1,2993.6,,,0
2022-10-31,PRA1,2078.4,,,0
2022-11-01,PRA1,4481.42,,,0
2022-11-02,PRA1,2987.57,,,0
2022-11-03,PRA1,5484.05,,,0
2022-11-04,PRA1,4523.24,,,0
2022-11-05,PRA1,6769.79,,,0
2022-11-06,PRA1,2545.56,,,0
2022-11-07,PRA1,4867.59,,,0
2022-11-08,PRA1,3746.67,,,0
2022-11-09,PRA1,4710.49,,,0
2022-11-10,PRA1,2270.26,,,0
2022-11-11,PRA1,3548.33,,,0
2022-11-12,PRA1,3499.87,,,0
2022-11-13,PRA1,3562.45,,,0
2022-11-14,PRA1,4553.49,,,0
2022-11-15,PRA1,4625.96,,,0
2022-11-16,PRA1,5193.77,,,0
2022-11-17,PRA1,2639.55,,,0
2022-11-18,PRA1,4584.3,,,0
2022-11-19,PRA1,3730.15,,,0
2022-11-20,PRA1,2345.72,,,0
2022-11-21,PRA1,2492.41,,,0
2022-11-22,PRA1,4535.82,,,0
2022-11-23,PRA1,4343.38,,,0
2022-11-24,PRA1,3883.24,,,0
2022-11-25,PRA1,3204.13,,,0
2022-11-26,PRA1,2088.48,,,0
2022-11-27,PRA1,1853.23,,,0
2022-11-28,PRA1,4222.89,,,0
2022-11-29,PRA1,4853.74,,,0
2022-11-30,PRA1,3883.31,,,0
2022-12-01,PRA1,3903.97,,,0
2022-12-02,PRA1,2396.33,,,0
2022-12-03,PRA1,3438.12,,,0
2022-12-04,PRA1,3394.08,,,0
2022-12-05,PRA1,2385.45,,,0
2022-12-06,PRA1,3972.1,,,0
2022-12-07,PRA1,2514.46,,,0
2022-12-08,PRA1,4008.67,,,0
2022-12-09,PRA1,2801.63,,,0
2022-12-10,PRA1,4184.68,,,0
2022-12-11,PRA1,3638.77,,,0
2022-12-12,PRA1,3286.08,,,0
2022-12-13,PRA1,4405.46,,,0
2022-12-14,PRA1,3594.03,,,0
2022-12-15,PRA1,2816.39,,,0
2022-12-16,PRA1,3545.82,,,0
2022-12-17,PRA1,4236.25,,,0
2022-12-18,PRA1,4503.21,,,0
2022-12-19,PRA1,2541.52,,,0
2022-12-20,PRA1,2977.82,,,0
2022-12-21,PRA1,3175.38,,,0
2022-12-22,PRA1,5535.64,,,0
2022-12-23,PRA1,3473.06,,,0
2022-12-24,PRA1,3536.49,,,0
2022-12-25,PRA1,2802.02,,,0
2022-12-26,PRA1,4373.68,,,0
2022-12-27,PRA1,4420.72,,,0
2022-12-28,PRA1,3205.86,,,0
2022-12-29,PRA1,2933.59,,,0
2022-12-30,PRA1,5453.16,,,0
2022-12-31,PRA1,4752.29,,,0
2023-01-01,PRA1,1715.27,,,0
2023-01-02,PRA1,3554.19,,,0
2023-01-03,PRA1,2100.58,,,0
2023-01-04,PRA1,3365.68,,,0
2023-01-05,PRA1,4178.13,,,0
2023-01-06,PRA1,2917.9500000000003,,,0
2023-01-07,PRA1,4736.28,,,0
2023-01-08,PRA1,3455.82,,,0
2023-01-09,PRA1,2626.18,,,0
2023-01-10,PRA1,3610.52,,,0
2023-01-11,PRA1,3182.61,,,0
2023-01-12,PRA1,5280.93,,,0
2023-01-13,PRA1,2690.88,,,0
2023-01-14,PRA1,1614.62,,,0
2023-01-15,PRA1,3766.8,,,0
2023-01-16,PRA1,2820.99,,,0
2023-01-17,PRA1,2370.6,,,0
2023-01-18,PRA1,5033.27,,,0
2023-01-19,PRA1,4413.93,,,0
2023-01-20,PRA1,4639.98,,,0
2023-01-21,PRA1,3633.94,,,0
2023-01-22,PRA1,5373.41,,,0
2023-01-23,PRA1,4000.83,,,0
2023-01-24,PRA1,6106.61,,,0
2023-01-25,PRA1,4875.66,,,0
2023-01-26,PRA1,4218.96,,,0
2023-01-27,PRA1,3830.09,,,0
2023-01-28,PRA1,3842.12,,,0
2023-01-29,PRA1,3255.58,,,0
2023-01-30,PRA1,4771.16,,,0
2023-01-31,PRA1,4123.45,,,0
2023-02-01,PRA1,2859.79,,,0
2023-02-02,PRA1,2461.74,,,0
2023-02-03,PRA1,3496.8,,,0
2023-02-04,PRA1,2785.51,,,0
2023-02-05,PRA1,4847.29,,,0
2023-02-06,PRA1,4450.08,,,0
2023-02-07,PRA1,5299.04,,,0
2023-02-08,PRA1,3425.31,,,0
2023-02-09,PRA1,5318.95,,,0
2023-02-10,PRA1,5184.7,,,0
2023-02-11,PRA1,3247.66,,,0
2023-02-12,PRA1,5717.46,,,0
2023-02-13,PRA1,4314.56,,,0
2023-02-14,PRA1,4689.6,,,0
2023-02-15,PRA1,4410.99,,,0
2023-02-16,PRA1,4415.22,,,0
2023-02-17,PRA1,2043.72,,,0
2023-02-18,PRA1,2773.07,,,0
2023-02-19,PRA1,3870.2,,,0
2023-02-20,PRA1,4914.01,,,0
2023-02-21,PRA1,4711.11,,,0
2023-02-22,PRA1,5754.06,,,0
2023-02-23,PRA1,5081.51,,,0
2023-02-24,PRA1,4623.3,,,0
2023-02-25,PRA1,5430.26,,,0
2023-02-26,PRA1,5241.82,,,0
2023-02-27,PRA1,4789.92,,,0
2023-02-28,PRA1,6732.48,,,0
2023-03-01,PRA1,6332.81,,,0
2023-03-02,PRA1,3787.22,,,0
2023-03-03,PRA1,7278.59,,,0
2023-03-04,PRA1,5525.03,,,0
2023-03-05,PRA1,3522.23,,,0
2023-03-06,PRA1,4417.73,,,0
2023-03-07,PRA1,5450.34,,,0
2023-03-08,PRA1,4363.31,,,0
2023-03-09,PRA1,3777.52,,,0
2023-03-10,PRA1,3138.95,,,0
2023-03-11,PRA1,6481.42,,,0
2023-03-12,PRA1,4593.24,,,0
2023-03-13,PRA1,4124.34,,,0
2023-03-14,PRA1,3374.41,,,0
2023-03-15,PRA1,3428.84,,,0
2023-03-16,PRA1,5913.41,,,0
2023-03-17,PRA1,3959.22,,,0
2023-03-18,PRA1,4506.7300000000005,,,0
2023-03-19,PRA1,4743.21,,,0
2023-03-20,PRA1,3242.49,,,0
2023-03-21,PRA1,4469.8,,,0
2023-03-22,PRA1,6499.75,,,0
2023-03-23,PRA1,4817.38,,,0
2023-03-24,PRA1,4019.15,,,0
2023-03-25,PRA1,5230.22,,,0
2023-03-26,PRA1,4797.08,,,0
2023-03-27,PRA1,3135.12,,,0
2023-03-28,PRA1,6970.23,,,0
2023-03-29,PRA1,8251.44,,,0
2023-03-30,PRA1,4888.08,,,0
2023-03-31,PRA1,4493.2,,,0
2023-04-01,PRA1,2049.35,,,0
2023-04-02,PRA1,4259.26,,,0
2023-04-03,PRA1,3140.18,,,0
2023-04-04,PRA1,5477.63,,,0
2023-04-05,PRA1,4260.09,,,0
2023-04-06,PRA1,5387.43,,,0
2023-04-07,PRA1,3718.35,,,0
2023-04-08,PRA1,4352.47,,,0
2023-04-09,PRA1,4145.03,,,0
2023-04-10,PRA1,4540.78,,,0
2023-04-11,PRA1,4719.63,,,0
2023-04-12,PRA1,5477.06,,,0
2023-04-13,PRA1,7002.57,,,0
2023-04-14,PRA1,3167.08,,,0
2023-04-15,PRA1,2895.88,,,0
2023-04-16,PRA1,4278.66,,,0
2023-04-17,PRA1,3482.56,,,0
2023-04-18,PRA1,3505.36,,,0
2023-04-19,PRA1,6237.89,,,0
2023-04-20,PRA1,2770.5,,,0
2023-04-21,PRA1,5478.2,,,0
2023-04-22,PRA1,5391.28,,,0
2023-04-23,PRA1,3762.21,,,0
2023-04-24,PRA1,1957.7,,,0
2023-04-25,PRA1,3789.21,,,0
2023-04-26,PRA1,6219.91,,,0
2023-04-27,PRA1,2142.65,,,0
2023-04-28,PRA1,2669.73,,,0
2023-04-29,PRA1,4311.86,,,0
2023-04-30,PRA1,2087.93,,,0
2023-05-01,PRA1,3424.1,,,0
2023-05-02,PRA1,2572.42,,,0
2023-05-03,PRA1,4923.84,,,0
2023-05-04,PRA1,4138.36,,,0
2023-05-05,PRA1,3527.56,,,0
2023-05-06,PRA1,4070.37,,,0
2023-05-07,PRA1,3777.9,,,0
2023-05-08,PRA1,3663.34,,,0
2023-05-09,PRA1,3392.3,,,0
2023-05-10,PRA1,4892.38,,,0
2023-05-11,PRA1,3102.46,,,0
2023-05-12,PRA1,3969.47,,,0
2023-05-13,PRA1,4569.1,,,0
2023-05-14,PRA1,3002.08,,,0
2023-05-15,PRA1,3313.68,,,0
2023-05-16,PRA1,3922.46,,,0
2023-05-17,PRA1,5426.93,,,0
2023-05-18,PRA1,3435.04,,,0
2023-05-19,PRA1,4115.52,,,0
2023-05-20,PRA1,3067.56,,,0
2023-05-21,PRA1,4413.84,,,0
2023-05-22,PRA1,3825.34,,,0
2023-05-23,PRA1,3813.86,,,0
2023-05-24,PRA1,2747.45,,,0
2023-05-25,PRA1,2271.67,,,0
2023-05-26,PRA1,3175.59,,,0
2023-05-27,PRA1,3066.71,,,0
2023-05-28,PRA1,3975.23,,,0
2023-05-29,PRA1,1855.38,,,0
2023-05-30,PRA1,3761.16,,,0
2023-05-31,PRA1,2968.46,,,0
2023-06-01,PRA1,3370.67,,,0
2023-06-02,PRA1,2334.4,,,0
2023-06-03,PRA1,3394.2,,,0
2023-06-04,PRA1,3562.64,,,0
2023-06-05,PRA1,2269.19,,,0
2023-06-06,PRA1,4350.19,,,0
2023-06-07,PRA1,3089.93,,,0
2023-06-08,PRA1,3139.12,,,0
2023-06-09,PRA1,3207.01,,,0
2023-06-10,PRA1,3760.55,,,0
2023-06-11,PRA1,3384.7,,,0
2023-06-12,PRA1,3705.19,,,0
2023-06-13,PRA1,3412.4,,,0
2023-06-14,PRA1,4092.03,,,0
2023-06-15,PRA1,1580.68,,,0
2023-06-16,PRA1,3028.25,,,0
2023-06-17,PRA1,3997.1,,,0
2023-06-18,PRA1,4202.59,,,0
2023-06-19,PRA1,3357.3,,,0
2023-06-20,PRA1,3372.27,,,0
2023-06-21,PRA1,3152.74,,,0
2023-06-22,PRA1,5514.01,,,0
2023-06-23,PRA1,2006.3,,,0
2023-06-24,PRA1,3042.35,,,0
2023-06-25,PRA1,3169.51,,,0
2023-06-26,PRA1,3252.4500000000003,,,0
2023-06-27,PRA1,3128.04,,,0
2023-06-28,PRA1,2831.83,,,0
2023-06-29,PRA1,3028.13,,,0
2023-06-30,PRA1,2115.59,,,0
2023-07-01,PRA1,2560.65,,,0
2023-07-02,PRA1,4103.89,,,0
2023-07-03,PRA1,2503.28,,,0
2023-07-04,PRA1,2336.72,,,0
2023-07-05,PRA1,4121.89,,,0
2023-07-06,PRA1,1820.12,,,0
2023-07-07,PRA1,3132.04,,,0
2023-07-08,PRA1,3185.21,,,0
2023-07-09,PRA1,1391.45,,,0
2023-07-10,PRA1,4702.45,,,0
2023-07-11,PRA1,5273.02,,,0
2023-07-12,PRA1,3342.86,,,0
2023-07-13,PRA1,4168.63,,,0
2023-07-14,PRA1,3377.15,,,0
2023-07-15,PRA1,3042.05,,,0
2023-07-16,PRA1,3492.41,,,0
2023-07-17,PRA1,1660.35,,,0
2023-07-18,PRA1,4743.23,,,0
2023-07-19,PRA1,3067.92,,,0
2023-07-20,PRA1,2768.54,,,0
2023-07-21,PRA1,4752.77,,,0
2023-07-22,PRA1,1866.01,,,0
2023-07-23,PRA1,3983.06,,,0
2023-07-24,PRA1,4086.85,,,0
2023-07-25,PRA1,2424.68,,,0
2023-07-26,PRA1,3976.8,,,0
2023-07-27,PRA1,2035.03,,,0
2023-07-28,PRA1,2488.01,,,0
2023-07-29,PRA1,2993.93,,,0
2023-07-30,PRA1,2715.89,,,0
2023-07-31,PRA1,2763.74,,,0
2023-08-01,PRA1,3430.7,,,0
2023-08-02,PRA1,2249.8,,,0
2023-08-03,PRA1,3381.3,,,0
2023-08-04,PRA1,2708.16,,,0
2023-08-05,PRA1,2192.11,,,0
2023-08-06,PRA1,3712.81,,,0
2023-08-07,PRA1,3384.47,,,0
2023-08-08,PRA1,3420.18,,,0
2023-08-09,PRA1,4367.55,,,0
2023-08-10,PRA1,1782.48,,,0
2023-08-11,PRA1,2278.09,,,0
2023-08-12,PRA1,2495.92,,,0
2023-08-13,PRA1,2189.98,,,0
2023-08-14,PRA1,4346.27,,,0
2023-08-15,PRA1,2069.52,,,0
2023-08-16,PRA1,5196.99,,,0
2023-08-17,PRA1,2596.08,,,0
2023-08-18,PRA1,3040.65,,,0
2023-08-19,PRA1,2970.38,,,0
2023-08-20,PRA1,3598.6,,,0
2023-08-21,PRA1,5557.98,,,0
2023-08-22,PRA1,2009.85,,,0
2023-08-23,PRA1,3668.33,,,0
2023-08-24,PRA1,2851.45,,,0
2023-08-25,PRA1,2230.62,,,0
2023-08-26,PRA1,1681.62,,,0
2023-08-27,PRA1,1809.42,,,0
2023-08-28,PRA1,2500.62,,,0
2023-08-29,PRA1,3174.23,,,0
2023-08-30,PRA1,3507.4,,,0
2023-08-31,PRA1,2275.36,,,0
2023-09-01,PRA1,1967.95,,,0
2023-09-02,PRA1,1843.23,,,0
2023-09-03,PRA1,2486.78,,,0
2023-09-04,PRA1,3048.31,,,0
2023-09-05,PRA1,5163.22,,,0
2023-09-06,PRA1,2638.71,,,0
2023-09-07,PRA1,1604.93,,,0
2023-09-08,PRA1,3164.9,,,0
2023-09-09,PRA1,2479.79,,,0
2023-09-10,PRA1,3267.2,,,0
2023-09-11,PRA1,3360.26,,,0
2023-09-12,PRA1,3154.92,,,0
2023-09-13,PRA1,2000.08,,,0
2023-09-14,PRA1,3059.58,,,0
2023-09-15,PRA1,1978.73,,,0
2023-09-16,PRA1,1848.4,,,0
2023-09-17,PRA1,3135.37,,,0
2023-09-18,PRA1,4096.05,,,0
2023-09-19,PRA1,3567.94,,,0
2023-09-20,PRA1,4534.09,,,0
2023-09-21,PRA1,2907.67,,,0
2023-09-22,PRA1,3268.8,,,0
2023-09-23,PRA1,2518.05,,,0
2023-09-24,PRA1,5096.19,,,0
2023-09-25,PRA1,3855.52,,,0
2023-09-26,PRA1,2131.7,,,0
2023-09-27,PRA1,2445.36,,,0
2023-09-28,PRA1,2651.87,,,0
2023-09-29,PRA1,2632.46,,,0
2023-09-30,PRA1,2610.09,,,0
2023-10-01,PRA1,1943.19,,,0
2023-10-02,PRA1,4754.76,,,0
2023-10-03,PRA1,2880.36,,,0
2023-10-04,PRA1,3215.21,,,0
2023-10-05,PRA1,2510.68,,,0
2023-10-06,PRA1,2538.27,,,0
2023-10-07,PRA1,2296.02,,,0
2023-10-08,PRA1,4961.5,,,0
2023-10-09,PRA1,2140.95,,,0
2023-10-10,PRA1,4698.52,,,0
2023-10-11,PRA1,3414.85,,,0
2023-10-12,PRA1,5036.32,,,0
2023-10-13,PRA1,1856.08,,,0
2023-10-14,PRA1,1147.76,,,0
2023-10-15,PRA1,3335.2,,,0
2023-10-16,PRA1,3072.83,,,0
2023-10-17,PRA1,2108.93,,,0
2023-10-18,PRA1,2445.52,,,0
2023-10-19,PRA1,3236.99,,,0
2023-10-20,PRA1,2834.2,,,0
2023-10-21,PRA1,2255.43,,,0
2023-10-22,PRA1,2932.4700000000003,,,0
2023-10-23,PRA1,2261.54,,,0
2023-10-24,PRA1,2144.94,,,0
2023-10-25,PRA1,3201.75,,,0
2023-10-26,PRA1,1747.81,,,0
2023-10-27,PRA1,3188.76,,,0
2023-10-28,PRA1,2066.39,,,0
2023-10-29,PRA1,4816.27,,,0
2023-10-30,PRA1,2617.7,,,0
2023-10-31,PRA1,2584.42,,,0
2023-11-01,PRA1,3068.91,,,0
2023-11-02,PRA1,2782.38,,,0
2023-11-03,PRA1,2840.75,,,0
2023-11-04,PRA1,3539.42,,,0
2023-11-05,PRA1,3881.06,,,0
2023-11-06,PRA1,2476.21,,,0
2023-11-07,PRA1,4595.8,,,0
2023-11-08,PRA1,3506.2200000000003,,,0
2023-11-09,PRA1,2063.62,,,0
2023-11-10,PRA1,3925.65,,,0
2023-11-11,PRA1,2434.37,,,0
2023-11-12,PRA1,1978.46,,,0
2023-11-13,PRA1,4858.76,,,0
2023-11-14,PRA1,3189.36,,,0
2023-11-15,PRA1,3224.76,,,0
2023-11-16,PRA1,5508.86,,,0
2023-11-17,PRA1,3893.04,,,0
2023-11-18,PRA1,2867.7200000000003,,,0
2023-11-19,PRA1,1780.02,,,0
2023-11-20,PRA1,2207.91,,,0
2023-11-21,PRA1,2305.65,,,0
2023-11-22,PRA1,4814.96,,,0
2023-11-23,PRA1,2785.89,,,0
2023-11-24,PRA1,3432.97,,,0
2023-11-25,PRA1,1813.07,,,0
2023-11-26,PRA1,4359.92,,,0
2023-11-27,PRA1,3044.16,,,0
2023-11-28,PRA1,3743.96,,,0
2023-11-29,PRA1,5431.78,,,0
2023-11-30,PRA1,4984.58,,,0
2023-12-01,PRA1,2856.03,,,0
2023-12-02,PRA1,2643.16,,,0
2023-12-03,PRA1,4130.11,,,0
2023-12-04,PRA1,4740.26,,,0
2023-12-05,PRA1,4465.61,,,0
2023-12-06,PRA1,3158.17,,,0
2023-12-07,PRA1,5766.32,,,0
2023-12-08,PRA1,4729.31,,,0
2023-12-09,PRA1,3340.07,,,0
2023-12-10,PRA1,3492.21,,,0
2023-12-11,PRA1,1987.74,,,0
2023-12-12,PRA1,4332.72,,,0
2023-12-13,PRA1,3593.93,,,0
2023-12-14,PRA1,5136.69,,,0
2023-12-15,PRA1,3223.93,,,0
2023-12-16,PRA1,3495.4,,,0
2023-12-17,PRA1,4267.36,,,0
2023-12-18,PRA1,5556.91,,,0
2023-12-19,PRA1,3229.95,,,0
2023-12-20,PRA1,4894.69,,,0
2023-12-21,PRA1,2572.38,,,0
2023-12-22,PRA1,3142.54,,,0
2023-12-23,PRA1,4200.58,,,0
2023-12-24,PRA1,6229.96,,,0
2023-12-25,PRA1,4107.89,,,0
2023-12-26,PRA1,4130.150000000001,,,0
2023-12-27,PRA1,5974.01,,,0
2023-12-28,PRA1,3459.27,,,0
2023-12-29,PRA1,4585.44,,,0
2023-12-30,PRA1,2034.03,,,0
2023-12-31,PRA1,4405.77,,,0
2024-01-01,PRA1,3423.98,,,0
2024-01-02,PRA1,3472.36,,,0
2024-01-03,PRA1,5705.63,,,0
2024-01-04,PRA1,5103.6,,,0
2024-01-05,PRA1,3911.02,,,0
2024-01-06,PRA1,4183.72,,,0
2024-01-07,PRA1,5439.05,,,0
2024-01-08,PRA1,5570.37,,,0
2024-01-09,PRA1,4926.49,,,0
2024-01-10,PRA1,5222.7,,,0
2024-01-11,PRA1,3490.11,,,0
2024-01-12,PRA1,2607.09,,,0
2024-01-13,PRA1,4017.8,,,0
2024-01-14,PRA1,4597.88,,,0
2024-01-15,PRA1,4171.34,,,0
2024-01-16,PRA1,2059.05,,,0
2024-01-17,PRA1,3922.4,,,0
2024-01-18,PRA1,5045.05,,,0
2024-01-19,PRA1,3201.42,,,0
2024-01-20,PRA1,5750.43,,,0
2024-01-21,PRA1,6228.11,,,0
2024-01-22,PRA1,3615.28,,,0
2024-01-23,PRA1,3778.62,,,0
2024-01-24,PRA1,5311.08,,,0
2024-01-25,PRA1,3530.87,,,0
2024-01-26,PRA1,6996.86,,,0
2024-01-27,PRA1,4034.95,,,0
2024-01-28,PRA1,4450.37,,,0
2024-01-29,PRA1,2656.57,,,0
2024-01-30,PRA1,4855.93,,,0
2024-01-31,PRA1,5221.65,,,0
2024-02-01,PRA1,3001.0,,,0
2024-02-02,PRA1,6513.02,,,0
2024-02-03,PRA1,5085.9,,,0
2024-02-04,PRA1,4182.81,,,0
2024-02-05,PRA1,4260.92,,,0
2024-02-06,PRA1,5072.17,,,0
2024-02-07,PRA1,4048.61,,,0
2024-02-08,PRA1,5447.44,,,0
2024-02-09,PRA1,3373.66,,,0
2024-02-10,PRA1,4603.85,,,0
2024-02-11,PRA1,2456.85,,,0
2024-02-12,PRA1,6447.14,,,0
2024-02-13,PRA1,4406.74,,,0
2024-02-14,PRA1,5701.42,,,0
2024-02-15,PRA1,3402.93,,,0
2024-02-16,PRA1,5014.24,,,0
2024-02-17,PRA1,2758.46,,,0
2024-02-18,PRA1,4130.61,,,0
2024-02-19,PRA1,4959.54,,,0
2024-02-20,PRA1,5451.69,,,0
2024-02-21,PRA1,4620.35,,,0
2024-02-22,PRA1,3633.63,,,0
2024-02-23,PRA1,4881.89,,,0
2024-02-24,PRA1,3960.96,,,0
2024-02-25,PRA1,6226.04,,,0
2024-02-26,PRA1,6148.86,,,0
2024-02-27,PRA1,5550.92,,,0
2024-02-28,PRA1,5036.32,,,0
2024-02-29,PRA1,5933.51,,,0
2024-03-01,PRA1,6487.66,,,0
2024-03-02,PRA1,4418.31,,,0
2024-03-03,PRA1,6638.55,,,0
2024-03-04,PRA1,2421.78,,,0
2024-03-05,PRA1,3908.02,,,0
2024-03-06,PRA1,4477.84,,,0
2024-03-07,PRA1,3190.36,,,0
2024-03-08,PRA1,4056.13,,,0
2024-03-09,PRA1,3824.23,,,0
2024-03-10,PRA1,4112.53,,,0
2024-03-11,PRA1,5079.0,,,0
2024-03-12,PRA1,3701.45,,,0
2024-03-13,PRA1,3666.56,,,0
2024-03-14,PRA1,3729.27,,,0
2024-03-15,PRA1,5101.19,,,0
2024-03-16,PRA1,3505.01,,,0
2024-03-17,PRA1,6490.72,,,0
2024-03-18,PRA1,3594.75,,,0
2024-03-19,PRA1,7112.27,,,0
2024-03-20,PRA1,6640.0,,,0
2024-03-21,PRA1,4912.18,,,0
2024-03-22,PRA1,3418.9300000000003,,,0
2024-03-23,PRA1,5141.33,,,0
2024-03-24,PRA1,3669.08,,,0
2024-03-25,PRA1,3751.97,,,0
2024-03-26,PRA1,4319.86,,,0
2024-03-27,PRA1,5710.14,,,0
2024-03-28,PRA1,4189.19,,,0
2024-03-29,PRA1,4099.76,,,0
2024-03-30,PRA1,5485.1,,,0
2024-03-31,PRA1,5172.66,,,0
2024-04-01,PRA1,3575.93,,,0
2024-04-02,PRA1,1750.14,,,0
2024-04-03,PRA1,4619.43,,,0
2024-04-04,PRA1,3908.46,,,0
2024-04-05,PRA1,3835.76,,,0
2024-04-06,PRA1,4103.4,,,0
2024-04-07,PRA1,4912.85,,,0
2024-04-08,PRA1,3697.73,,,0
2024-04-09,PRA1,3752.59,,,0
2024-04-10,PRA1,5561.21,,,0
2024-04-11,PRA1,4045.49,,,0
2024-04-12,PRA1,2540.35,,,0
2024-04-13,PRA1,3791.39,,,0
2024-04-14,PRA1,5438.05,,,0
2024-04-15,PRA1,2830.48,,,0
2024-04-16,PRA1,5686.7,,,0
2024-04-17,PRA1,5123.2300000000005,,,0
2024-04-18,PRA1,6999.58,,,0
2024-04-19,PRA1,5132.71,,,0
2024-04-20,PRA1,3276.34,,,0
2024-04-21,PRA1,5412.22,,,0
2024-04-22,PRA1,2353.69,,,0
2024-04-23,PRA1,6100.57,,,0
2024-04-24,PRA1,3542.59,,,0
2024-04-25,PRA1,6222.68,,,0
2024-04-26,PRA1,5557.02,,,0
2024-04-27,PRA1,2874.27,,,0
2024-04-28,PRA1,4578.91,,,0
2024-04-29,PRA1,4703.04,,,0
2024-04-30,PRA1,2987.39,,,0
2024-05-01,PRA1,4925.84,,,0
2024-05-02,PRA1,5254.33,,,0
2024-05-03,PRA1,4707.53,,,0
2024-05-04,PRA1,3403.63,,,0
2024-05-05,PRA1,3445.82,,,0
2024-05-06,PRA1,5441.09,,,0
2024-05-07,PRA1,4118.96,,,0
2024-05-08,PRA1,5544.2,,,0
2024-05-09,PRA1,3536.65,,,0
2024-05-10,PRA1,3652.91,,,0
2024-05-11,PRA1,3232.81,,,0
2024-05-12,PRA1,6415.19,,,0
2024-05-13,PRA1,3628.56,,,0
2024-05-14,PRA1,3383.57,,,0
2024-05-15,PRA1,4095.56,,,0
2024-05-16,PRA1,3513.51,,,0
2024-05-17,PRA1,2791.0,,,0
2024-05-18,PRA1,2909.99,,,0
2024-05-19,PRA1,3669.11,,,0
2024-05-20,PRA1,4568.12,,,0
2024-05-21,PRA1,4968.15,,,0
2024-05-22,PRA1,5726.91,,,0
2024-05-23,PRA1,2922.82,,,0
2024-05-24,PRA1,2917.58,,,0
2024-05-25,PRA1,3227.31,,,0
2024-05-26,PRA1,5401.45,,,0
2024-05-27,PRA1,3587.2,,,0
2024-05-28,PRA1,2918.82,,,0
2024-05-29,PRA1,3428.87,,,0
2024-05-30,PRA1,4488.91,,,0
2024-05-31,PRA1,2815.3,,,0
2024-06-01,PRA1,3587.3,,,0
2024-06-02,PRA1,4993.07,,,0
2024-06-03,PRA1,3389.62,,,0
2024-06-04,PRA1,4286.38,,,0
2024-06-05,PRA1,4049.75,,,0
2024-06-06,PRA1,4853.79,,,0
2024-06-07,PRA1,3558.71,,,0
2024-06-08,PRA1,4844.04,,,0
2024-06-09,PRA1,2811.18,,,0
2024-06-10,PRA1,4375.53,,,0
2024-06-11,PRA1,4112.91,,,0
2024-06-12,PRA1,4514.33,,,0
2024-06-13,PRA1,3713.06,,,0
2024-06-14,PRA1,2742.36,,,0
2024-06-15,PRA1,2500.89,,,0
2024-06-16,PRA1,3884.71,,,0
2024-06-17,PRA1,3573.8,,,0
2024-06-18,PRA1,4086.73,,,0
2024-06-19,PRA1,4196.69,,,0
2024-06-20,PRA1,3307.03,,,0
2024-06-21,PRA1,3552.62,,,0
2024-06-22,PRA1,3921.38,,,0
2024-06-23,PRA1,3786.65,,,0
2024-06-24,PRA1,3633.94,,,0
2024-06-25,PRA1,4088.11,,,0
2024-06-26,PRA1,3736.2,,,0
2024-06-27,PRA1,2748.57,,,0
2024-06-28,PRA1,3216.52,,,0
2024-06-29,PRA1,2469.75,,,0
2024-06-30,PRA1,3558.48,,,0
2024-07-01,PRA1,4370.45,,,0
2024-07-02,PRA1,3595.05,,,0
2024-07-03,PRA1,4469.24,,,0
2024-07-04,PRA1,3357.7,,,0
2024-07-05,PRA1,2352.51,,,0
2024-07-06,PRA1,3257.77,,,0
2024-07-07,PRA1,3332.36,,,0
2024-07-08,PRA1,4349.2,,,0
2024-07-09,PRA1,4447.6900000000005,,,0
2024-07-10,PRA1,3449.87,,,0
2024-07-11,PRA1,3672.83,,,0
2024-07-12,PRA1,5991.35,,,0
2024-07-13,PRA1,2949.3,,,0
2024-07-14,PRA1,1663.95,,,0
2024-07-15,PRA1,3139.75,,,0
2024-07-16,PRA1,2202.28,,,0
2024-07-17,PRA1,3305.28,,,0
2024-07-18,PRA1,2696.09,,,0
2024-07-19,PRA1,4045.53,,,0
2024-07-20,PRA1,2924.19,,,0
2024-07-21,PRA1,3293.68,,,0
2024-07-22,PRA1,3367.44,,,0
2024-07-23,PRA1,4147.96,,,0
2024-07-24,PRA1,3730.84,,,0
2024-07-25,PRA1,2853.61,,,0
2024-07-26,PRA1,3975.19,,,0
2024-07-27,PRA1,4850.07,,,0
2024-07-28,PRA1,3510.29,,,0
2024-07-29,PRA1,2871.07,,,0
2024-07-30,PRA1,4640.89,,,0
2024-07-31,PRA1,4444.94,,,0
2024-08-01,PRA1,3371.57,,,0
2024-08-02,PRA1,3219.73,,,0
2024-08-03,PRA1,3009.64,,,0
2024-08-04,PRA1,2948.17,,,0
2024-08-05,PRA1,1774.42,,,0
2024-08-06,PRA1,2956.46,,,0
2024-08-07,PRA1,3234.67,,,0
2024-08-08,PRA1,2989.2,,,0
2024-08-09,PRA1,4558.99,,,0
2024-08-10,PRA1,3472.58,,,0
2024-08-11,PRA1,3432.56,,,0
2024-08-12,PRA1,4268.36,,,0
2024-08-13,PRA1,3100.9500000000003,,,0
2024-08-14,PRA1,4326.22,,,0
2024-08-15,PRA1,3302.46,,,0
2024-08-16,PRA1,4147.29,,,0
2024-08-17,PRA1,1621.76,,,0
2024-08-18,PRA1,2080.98,,,0
2024-08-19,PRA1,3186.0,,,0
2024-08-20,PRA1,4199.58,,,0
2024-08-21,PRA1,3739.14,,,0
2024-08-22,PRA1,2829.34,,,0
2024-08-23,PRA1,2762.29,,,0
2024-08-24,PRA1,6129.8,,,0
2024-08-25,PRA1,4606.22,,,0
2024-08-26,PRA1,2389.45,,,0
2024-08-27,PRA1,4107.41,,,0
2024-08-28,PRA1,3117.93,,,0
2024-08-29,PRA1,2679.7,,,0
2024-08-30,PRA1,3915.55,,,0
2024-08-31,PRA1,3346.15,,,0
2024-09-01,PRA1,2650.04,,,0
2024-09-02,PRA1,5041.22,,,0
2024-09-03,PRA1,3440.39,,,0
2024-09-04,PRA1,2053.17,,,0
2024-09-05,PRA1,1755.45,,,0
2024-09-06,PRA1,2456.36,,,0
2024-09-07,PRA1,2244.2,,,0
2024-09-08,PRA1,3816.75,,,0
2024-09-09,PRA1,2581.36,,,0
2024-09-10,PRA1,4030.54,,,0
2024-09-11,PRA1,4903.06,,,0
2024-09-12,PRA1,3475.85,,,0
2024-09-13,PRA1,4954.55,,,0
2024-09-14,PRA1,2504.05,,,0
2024-09-15,PRA1,2494.25,,,0
2024-09-16,PRA1,1932.69,,,0
2024-09-17,PRA1,2100.82,,,0
2024-09-18,PRA1,3587.85,,,0
2024-09-19,PRA1,3804.03,,,0
2024-09-20,PRA1,2925.63,,,0
2024-09-21,PRA1,2531.81,,,0
2024-09-22,PRA1,3091.89,,,0
2024-09-23,PRA1,3493.22,,,0
2024-09-24,PRA1,3325.47,,,0
2024-09-25,PRA1,3220.02,,,0
2024-09-26,PRA1,2890.33,,,0
2024-09-27,PRA1,2985.95,,,0
2024-09-28,PRA1,3131.02,,,0
2024-09-29,PRA1,2515.37,,,0
2024-09-30,PRA1,3941.43,,,0
2024-10-01,PRA1,2665.32,,,0
2024-10-02,PRA1,2654.95,,,0
2024-10-03,PRA1,2254.79,,,0
2024-10-04,PRA1,2778.22,,,0
2024-10-05,PRA1,2246.78,,,0
2024-10-06,PRA1,2548.23,,,0
2024-10-07,PRA1,2967.12,,,0
2024-10-08,PRA1,4343.78,,,0
2024-10-09,PRA1,3736.88,,,0
2024-10-10,PRA1,3202.2,,,0
2024-10-11,PRA1,1779.22,,,0
2024-10-12,PRA1,3640.75,,,0
2024-10-13,PRA1,3909.6,,,0
2024-10-14,PRA1,2144.35,,,0
2024-10-15,PRA1,3899.75,,,0
2024-10-16,PRA1,4338.39,,,0
2024-10-17,PRA1,2727.44,,,0
2024-10-18,PRA1,3761.17,,,0
2024-10-19,PRA1,2787.56,,,0
2024-10-20,PRA1,2555.06,,,0
2024-10-21,PRA1,2239.3,,,0
2024-10-22,PRA1,2253.41,,,0
2024-10-23,PRA1,3007.81,,,0
2024-10-24,PRA1,3276.98,,,0
2024-10-25,PRA1,4347.5,,,0
2024-10-26,PRA1,2140.11,,,0
2024-10-27,PRA1,3788.75,,,0
2024-10-28,PRA1,2070.74,,,0
2024-10-29,PRA1,2251.64,,,0
2024-10-30,PRA1,5654.7300000000005,,,0
2024-10-31,PRA1,2917.78,,,0
2024-11-01,PRA1,3102.77,,,0
2024-11-02,PRA1,3354.75,,,0
2024-11-03,PRA1,2692.09,,,0
2024-11-04,PRA1,2789.4500000000003,,,0
2024-11-05,PRA1,6060.58,,,0
2024-11-06,PRA1,3001.44,,,0
2024-11-07,PRA1,3018.82,,,0
2024-11-08,PRA1,2710.34,,,0
2024-11-09,PRA1,4006.35,,,0
2024-11-10,PRA1,2231.87,,,0
2024-11-11,PRA1,4276.84,,,0
2024-11-12,PRA1,3281.91,,,0
2024-11-13,PRA1,4928.05,,,0
2024-11-14,PRA1,3748.62,,,0
2024-11-15,PRA1,3512.15,,,0
2024-11-16,PRA1,3811.53,,,0
2024-11-17,PRA1,1444.85,,,0
2024-11-18,PRA1,4201.87,,,0
2024-11-19,PRA1,2473.62,,,0
2024-11-20,PRA1,5787.95,,,0
2024-11-21,PRA1,5048.53,,,0
2024-11-22,PRA1,4120.65,,,0
2024-11-23,PRA1,3401.99,,,0
2024-11-24,PRA1,4342.1,,,0
2024-11-25,PRA1,3410.95,,,0
2024-11-26,PRA1,5068.29,,,0
2024-11-27,PRA1,4567.21,,,0
2024-11-28,PRA1,2846.35,,,0
2024-11-29,PRA1,1845.41,,,0
2024-11-30,PRA1,3785.53,,,0
2024-12-01,PRA1,3076.29,,,0
2024-12-02,PRA1,4486.72,,,0
2024-12-03,PRA1,5972.25,,,0
2024-12-04,PRA1,3852.6,,,0
2024-12-05,PRA1,3874.43,,,0
2024-12-06,PRA1,2571.36,,,0
2024-12-07,PRA1,2131.29,,,0
2024-12-08,PRA1,3664.08,,,0
2024-12-09,PRA1,5305.38,,,0
2024-12-10,PRA1,4593.04,,,0
2024-12-11,PRA1,3584.84,,,0
2024-12-12,PRA1,4588.66,,,0
2024-12-13,PRA1,3039.04,,,0
2024-12-14,PRA1,4260.29,,,0
2024-12-15,PRA1,4186.0,,,0
2024-12-16,PRA1,3021.88,,,0
2024-12-17,PRA1,4524.11,,,0
2024-12-18,PRA1,3524.13,,,0
2024-12-19,PRA1,4751.05,,,0
2024-12-20,PRA1,3392.02,,,0
2024-12-21,PRA1,3555.07,,,0
2024-12-22,PRA1,2004.7,,,0
2024-12-23,PRA1,2402.3,,,0
2024-12-24,PRA1,3239.4,,,0
2024-12-25,PRA1,2631.38,,,0
2024-12-26,PRA1,3614.82,,,0
2024-12-27,PRA1,5443.8,,,0
2024-12-28,PRA1,5184.58,,,0
2024-12-29,PRA1,3955.73,,,0
2024-12-30,PRA1,3353.82,,,0
2024-12-31,PRA1,3847.07,,,0
2025-01-01,PRA1,4291.7830136095545,2637.485358481611,5946.080668737498,1
2025-01-02,PRA1,3989.657315129227,2252.691319731557,5726.623310526897,1
2025-01-03,PRA1,3789.8424768628765,2044.2665340092267,5535.418419716527,1
2025-01-04,PRA1,3626.9212025081283,1880.3048214549879,5373.537583561269,1
2025-01-05,PRA1,3788.502066164304,2041.715209007163,5535.288923321445,1
2025-01-06,PRA1,3793.586417542273,2046.751503695306,5540.42133138924,1
2025-01-07,PRA1,4096.677106089059,2349.8175281240656,5843.536684054052,1
2025-01-08,PRA1,4425.791199364642,2678.2518462487087,6173.3305524805755,1
2025-01-09,PRA1,4032.2392877518596,2284.574931176531,5779.903644327188,1
2025-01-10,PRA1,3803.4630730567733,2055.757399541008,5551.168746572539,1
2025-01-11,PRA1,3631.367610075927,1883.6373804131931,5379.097839738661,1
2025-01-12,PRA1,3790.042336409717,2042.2932517639817,5537.791421055452,1
2025-01-13,PRA1,3794.206101294343,2046.4394350554142,5541.972767533272,1
2025-01-14,PRA1,4097.005172688287,2349.2212488029336,5844.78909657364,1
2025-01-15,PRA1,4426.026889457754,2677.572475494564,6174.481303420944,1
2025-01-16,PRA1,4032.445715441169,2283.866054961625,5781.025375920713,1
2025-01-17,PRA1,3803.6602312000446,2055.0383432947497,5552.282119105339,1
2025-01-18,PRA1,3631.561831875201,1882.9144927625039,5380.209170987898,1
2025-01-19,PRA1,3790.2356280538315,2041.568611068189,5538.902645039474,1
2025-01-20,PRA1,3794.399098290208,2045.7136882102661,5543.08450837015,1
2025-01-21,PRA1,4097.198076347474,2348.4945991249224,5845.9015535700255,1
2025-01-22,PRA1,4426.219763550382,2676.8407927124326,6175.598734388331,1
2025-01-23,PRA1,4032.6385801679025,2283.132151709859,5782.1450086259465,1
2025-01-24,PRA1,3803.8530929599133,2054.3031486356904,5553.403037284136,1
2025-01-25,PRA1,3631.7546926952464,1882.178295952606,5381.3310894378865,1
2025-01-26,PRA1,3790.4284885761663,2040.8315476983319,5540.025429454001,1
2025-01-27,PRA1,3794.5919587182357,2044.975787447125,5544.208129989346,1
2025-01-28,PRA1,4097.390936745628,2347.7558683738816,5847.026005117375,1
2022-01-01,PRA2,3037.31,,,0
2022-01-02,PRA2,2020.65,,,0
2022-01-03,PRA2,1860.73,,,0
2022-01-04,PRA2,2955.67,,,0
2022-01-05,PRA2,1884.48,,,0
2022-01-06,PRA2,2234.75,,,0
2022-01-07,PRA2,2828.32,,,0
2022-01-08,PRA2,848.1,,,0
2022-01-09,PRA2,2234.08,,,0
2022-01-10,PRA2,3086.16,,,0
2022-01-11,PRA2,2225.11,,,0
2022-01-12,PRA2,2355.07,,,0
2022-01-13,PRA2,2583.93,,,0
2022-01-14,PRA2,1878.99,,,0
2022-01-15,PRA2,3365.4,,,0
2022-01-16,PRA2,3657.99,,,0
2022-01-17,PRA2,3251.72,,,0
2022-01-18,PRA2,3078.55,,,0
2022-01-19,PRA2,2381.34,,,0
2022-01-20,PRA2,3356.67,,,0
2022-01-21,PRA2,1644.52,,,0
2022-01-22,PRA2,2526.93,,,0
2022-01-23,PRA2,2254.39,,,0
2022-01-24,PRA2,2256.26,,,0
2022-01-25,PRA2,2196.08,,,0
2022-01-26,PRA2,4535.09,,,0
2022-01-27,PRA2,1320.26,,,0
2022-01-28,PRA2,3862.23,,,0
2022-01-29,PRA2,2051.59,,,0
2022-01-30,PRA2,1789.61,,,0
2022-01-31,PRA2,3024.88,,,0
2022-02-01,PRA2,2263.13,,,0
2022-02-02,PRA2,4056.68,,,0
2022-02-03,PRA2,1688.7,,,0
2022-02-04,PRA2,4572.16,,,0
2022-02-05,PRA2,3007.22,,,0
2022-02-06,PRA2,3294.46,,,0
2022-02-07,PRA2,2868.18,,,0
2022-02-08,PRA2,2565.13,,,0
2022-02-09,PRA2,3412.98,,,0
2022-02-10,PRA2,2135.76,,,0
2022-02-11,PRA2,2536.64,,,0
2022-02-12,PRA2,2330.11,,,0
2022-02-13,PRA2,2595.1,,,0
2022-02-14,PRA2,3275.8,,,0
2022-02-15,PRA2,2154.74,,,0
2022-02-16,PRA2,3444.49,,,0
2022-02-17,PRA2,3340.89,,,0
2022-02-18,PRA2,2516.46,,,0
2022-02-19,PRA2,2845.99,,,0
2022-02-20,PRA2,4153.27,,,0
2022-02-21,PRA2,5951.0,,,0
2022-02-22,PRA2,3132.84,,,0
2022-02-23,PRA2,4700.33,,,0
2022-02-24,PRA2,2072.59,,,0
2022-02-25,PRA2,2715.07,,,0
2022-02-26,PRA2,2788.03,,,0
2022-02-27,PRA2,3191.65,,,0
2022-02-28,PRA2,2551.04,,,0
2022-03-01,PRA2,2362.14,,,0
2022-03-02,PRA2,2495.2,,,0
2022-03-03,PRA2,2598.37,,,0
2022-03-04,PRA2,2152.01,,,0
2022-03-05,PRA2,2424.44,,,0
2022-03-06,PRA2,2595.72,,,0
2022-03-07,PRA2,3666.12,,,0
2022-03-08,PRA2,4613.54,,,0
2022-03-09,PRA2,4691.57,,,0
2022-03-10,PRA2,3172.71,,,0
2022-03-11,PRA2,3049.4,,,0
2022-03-12,PRA2,3249.84,,,0
2022-03-13,PRA2,4153.87,,,0
2022-03-14,PRA2,3950.23,,,0
2022-03-15,PRA2,2592.77,,,0
2022-03-16,PRA2,1914.91,,,0
2022-03-17,PRA2,2854.14,,,0
2022-03-18,PRA2,3816.12,,,0
2022-03-19,PRA2,3142.54,,,0
2022-03-20,PRA2,2719.91,,,0
2022-03-21,PRA2,2220.28,,,0
2022-03-22,PRA2,2879.18,,,0
2022-03-23,PRA2,3611.45,,,0
2022-03-24,PRA2,2988.69,,,0
2022-03-25,PRA2,2736.81,,,0
2022-03-26,PRA2,3913.73,,,0
2022-03-27,PRA2,2205.21,,,0
2022-03-28,PRA2,2120.19,,,0
2022-03-29,PRA2,1700.29,,,0
2022-03-30,PRA2,3145.51,,,0
2022-03-31,PRA2,2546.53,,,0
2022-04-01,PRA2,2430.86,,,0
2022-04-02,PRA2,2100.98,,,0
2022-04-03,PRA2,2109.43,,,0
2022-04-04,PRA2,2232.59,,,0
2022-04-05,PRA2,3920.48,,,0
2022-04-06,PRA2,3406.03,,,0
2022-04-07,PRA2,5305.13,,,0
2022-04-08,PRA2,3630.65,,,0
2022-04-09,PRA2,3139.25,,,0
2022-04-10,PRA2,1923.1,,,0
2022-04-11,PRA2,3672.07,,,0
2022-04-12,PRA2,3515.01,,,0
2022-04-13,PRA2,4439.38,,,0
2022-04-14,PRA2,3362.76,,,0
2022-04-15,PRA2,3264.67,,,0
2022-04-16,PRA2,1884.11,,,0
2022-04-17,PRA2,2918.64,,,0
2022-04-18,PRA2,2465.51,,,0
2022-04-19,PRA2,2058.52,,,0
2022-04-20,PRA2,1905.35,,,0
2022-04-21,PRA2,3021.75,,,0
2022-04-22,PRA2,2290.41,,,0
2022-04-23,PRA2,2275.82,,,0
2022-04-24,PRA2,2518.77,,,0
2022-04-25,PRA2,1919.07,,,0
2022-04-26,PRA2,2225.35,,,0
2022-04-27,PRA2,1326.04,,,0
2022-04-28,PRA2,4017.66,,,0
2022-04-29,PRA2,2093.58,,,0
2022-04-30,PRA2,3182.9700000000003,,,0
2022-05-01,PRA2,3520.59,,,0
2022-05-02,PRA2,4176.95,,,0
2022-05-03,PRA2,3638.16,,,0
2022-05-04,PRA2,5523.47,,,0
2022-05-05,PRA2,2315.64,,,0
2022-05-06,PRA2,2490.88,,,0
2022-05-07,PRA2,2489.88,,,0
2022-05-08,PRA2,2726.31,,,0
2022-05-09,PRA2,4631.32,,,0
2022-05-10,PRA2,2789.06,,,0
2022-05-11,PRA2,2324.34,,,0
2022-05-12,PRA2,4017.3,,,0
2022-05-13,PRA2,2646.76,,,0
2022-05-14,PRA2,3279.35,,,0
2022-05-15,PRA2,2848.55,,,0
2022-05-16,PRA2,1764.24,,,0
2022-05-17,PRA2,4166.48,,,0
2022-05-18,PRA2,3573.41,,,0
2022-05-19,PRA2,2655.96,,,0
2022-05-20,PRA2,2546.25,,,0
2022-05-21,PRA2,3199.8,,,0
2022-05-22,PRA2,3054.61,,,0
2022-05-23,PRA2,3429.43,,,0
2022-05-24,PRA2,4601.5,,,0
2022-05-25,PRA2,2244.35,,,0
2022-05-26,PRA2,3539.4700000000003,,,0
2022-05-27,PRA2,3384.66,,,0
2022-05-28,PRA2,2062.01,,,0
2022-05-29,PRA2,2606.14,,,0
2022-05-30,PRA2,2196.81,,,0
2022-05-31,PRA2,1602.06,,,0
2022-06-01,PRA2,4275.34,,,0
2022-06-02,PRA2,2365.42,,,0
2022-06-03,PRA2,2912.61,,,0
2022-06-04,PRA2,2218.22,,,0
2022-06-05,PRA2,1804.89,,,0
2022-06-06,PRA2,1217.53,,,0
2022-06-07,PRA2,3085.01,,,0
2022-06-08,PRA2,2085.21,,,0
2022-06-09,PRA2,2863.0,,,0
2022-06-10,PRA2,2804.91,,,0
2022-06-11,PRA2,2568.34,,,0
2022-06-12,PRA2,2372.57,,,0
2022-06-13,PRA2,2622.99,,,0
2022-06-14,PRA2,2153.1,,,0
2022-06-15,PRA2,2641.69,,,0
2022-06-16,PRA2,1658.72,,,0
2022-06-17,PRA2,1646.88,,,0
2022-06-18,PRA2,1593.53,,,0
2022-06-19,PRA2,3033.08,,,0
2022-06-20,PRA2,4371.71,,,0
2022-06-21,PRA2,2772.87,,,0
2022-06-22,PRA2,2329.33,,,0
2022-06-23,PRA2,2873.74,,,0
2022-06-24,PRA2,2387.26,,,0
2022-06-25,PRA2,4435.63,,,0
2022-06-26,PRA2,1629.27,,,0
2022-06-27,PRA2,1951.22,,,0
2022-06-28,PRA2,3237.14,,,0
2022-06-29,PRA2,2819.26,,,0
2022-06-30,PRA2,3137.49,,,0
2022-07-01,PRA2,1527.92,,,0
2022-07-02,PRA2,2583.61,,,0
2022-07-03,PRA2,394.69,,,0
2022-07-04,PRA2,1744.51,,,0
2022-07-05,PRA2,1789.48,,,0
2022-07-06,PRA2,2212.89,,,0
2022-07-07,PRA2,1019.59,,,0
2022-07-08,PRA2,2539.68,,,0
2022-07-09,PRA2,2293.02,,,0
2022-07-10,PRA2,2473.74,,,0
2022-07-11,PRA2,2457.13,,,0
2022-07-12,PRA2,2180.13,,,0
2022-07-13,PRA2,2739.67,,,0
2022-07-14,PRA2,3151.1,,,0
2022-07-15,PRA2,1805.44,,,0
2022-07-16,PRA2,2109.24,,,0
2022-07-17,PRA2,2684.6,,,0
2022-07-18,PRA2,3299.48,,,0
2022-07-19,PRA2,1817.77,,,0
2022-07-20,PRA2,2095.98,,,0
2022-07-21,PRA2,1269.58,,,0
2022-07-22,PRA2,2011.5,,,0
2022-07-23,PRA2,2451.73,,,0
2022-07-24,PRA2,2401.44,,,0
2022-07-25,PRA2,1175.66,,,0
2022-07-26,PRA2,1686.04,,,0
2022-07-27,PRA2,1868.66,,,0
2022-07-28,PRA2,2314.55,,,0
2022-07-29,PRA2,1990.63,,,0
2022-07-30,PRA2,1832.7,,,0
2022-07-31,PRA2,2817.61,,,0
2022-08-01,PRA2,2886.0,,,0
2022-08-02,PRA2,2169.9700000000003,,,0
2022-08-03,PRA2,2274.52,,,0
2022-08-04,PRA2,890.5,,,0
2022-08-05,PRA2,1355.0,,,0
2022-08-06,PRA2,2730.04,,,0
2022-08-07,PRA2,1292.95,,,0
2022-08-08,PRA2,3295.93,,,0
2022-08-09,PRA2,2250.56,,,0
2022-08-10,PRA2,3831.22,,,0
2022-08-11,PRA2,3227.4,,,0
2022-08-12,PRA2,2323.26,,,0
2022-08-13,PRA2,2875.69,,,0
2022-08-14,PRA2,454.98,,,0
2022-08-15,PRA2,2368.67,,,0
2022-08-16,PRA2,1663.29,,,0
2022-08-17,PRA2,1072.79,,,0
2022-08-18,PRA2,3007.04,,,0
2022-08-19,PRA2,1386.65,,,0
2022-08-20,PRA2,1277.05,,,0
2022-08-21,PRA2,2619.77,,,0
2022-08-22,PRA2,1826.28,,,0
2022-08-23,PRA2,1970.8,,,0
2022-08-24,PRA2,1468.3,,,0
2022-08-25,PRA2,1421.05,,,0
2022-08-26,PRA2,1639.39,,,0
2022-08-27,PRA2,3040.11,,,0
2022-08-28,PRA2,1892.8,,,0
2022-08-29,PRA2,3070.9,,,0
2022-08-30,PRA2,1973.11,,,0
2022-08-31,PRA2,1793.15,,,0
2022-09-01,PRA2,2290.57,,,0
2022-09-02,PRA2,3710.44,,,0
2022-09-03,PRA2,1697.53,,,0
2022-09-04,PRA2,2303.22,,,0
2022-09-05,PRA2,2439.84,,,0
2022-09-06,PRA2,2528.79,,,0
2022-09-07,PRA2,2312.31,,,0
2022-09-08,PRA2,1876.04,,,0
2022-09-09,PRA2,1140.33,,,0
2022-09-10,PRA2,1510.17,,,0
2022-09-11,PRA2,2463.19,,,0
2022-09-12,PRA2,1765.3,,,0
2022-09-13,PRA2,1616.56,,,0
2022-09-14,PRA2,2453.83,,,0
2022-09-15,PRA2,2644.92,,,0
2022-09-16,PRA2,1247.9,,,0
2022-09-17,PRA2,2393.75,,,0
2022-09-18,PRA2,1445.31,,,0
2022-09-19,PRA2,2180.7000000000003,,,0
2022-09-20,PRA2,1179.05,,,0
2022-09-21,PRA2,2166.85,,,0
2022-09-22,PRA2,1952.26,,,0
2022-09-23,PRA2,2444.32,,,0
2022-09-24,PRA2,2053.75,,,0
2022-09-25,PRA2,1068.43,,,0
2022-09-26,PRA2,2921.34,,,0
2022-09-27,PRA2,2738.7,,,0
2022-09-28,PRA2,1235.49,,,0
2022-09-29,PRA2,3671.95,,,0
2022-09-30,PRA2,2239.49,,,0
2022-10-01,PRA2,976.34,,,0
2022-10-02,PRA2,1645.34,,,0
2022-10-03,PRA2,1998.41,,,0
2022-10-04,PRA2,1797.74,,,0
2022-10-05,PRA2,2319.17,,,0
2022-10-06,PRA2,2351.57,,,0
2022-10-07,PRA2,3384.92,,,0
2022-10-08,PRA2,2371.62,,,0
2022-10-09,PRA2,2710.07,,,0
2022-10-10,PRA2,1678.93,,,0
2022-10-11,PRA2,1670.44,,,0
2022-10-12,PRA2,2017.49,,,0
2022-10-13,PRA2,2229.87,,,0
2022-10-14,PRA2,1670.57,,,0
2022-10-15,PRA2,2257.55,,,0
2022-10-16,PRA2,1742.32,,,0
2022-10-17,PRA2,1829.63,,,0
2022-10-18,PRA2,1623.72,,,0
2022-10-19,PRA2,3028.46,,,0
2022-10-20,PRA2,2449.35,,,0
2022-10-21,PRA2,2442.44,,,0
2022-10-22,PRA2,1626.12,,,0
2022-10-23,PRA2,1682.79,,,0
2022-10-24,PRA2,1340.39,,,0
2022-10-25,PRA2,527.9,,,0
2022-10-26,PRA2,2566.52,,,0
2022-10-27,PRA2,1215.9,,,0
2022-10-28,PRA2,1555.77,,,0
2022-10-29,PRA2,2569.72,,,0
2022-10-30,PRA2,2800.07,,,0
2022-10-31,PRA2,3313.61,,,0
2022-11-01,PRA2,1877.28,,,0
2022-11-02,PRA2,3484.89,,,0
2022-11-03,PRA2,1604.14,,,0
2022-11-04,PRA2,2368.19,,,0
2022-11-05,PRA2,2523.1,,,0
2022-11-06,PRA2,2073.85,,,0
2022-11-07,PRA2,1544.54,,,0
2022-11-08,PRA2,2426.25,,,0
2022-11-09,PRA2,990.03,,,0
2022-11-10,PRA2,2508.3,,,0
2022-11-11,PRA2,2163.04,,,0
2022-11-12,PRA2,2488.12,,,0
2022-11-13,PRA2,1390.38,,,0
2022-11-14,PRA2,2268.67,,,0
2022-11-15,PRA2,2623.02,,,0
2022-11-16,PRA2,3208.53,,,0
2022-11-17,PRA2,2355.42,,,0
2022-11-18,PRA2,3866.48,,,0
2022-11-19,PRA2,2771.06,,,0
2022-11-20,PRA2,1331.19,,,0
2022-11-21,PRA2,3349.9,,,0
2022-11-22,PRA2,1509.38,,,0
2022-11-23,PRA2,1765.39,,,0
2022-11-24,PRA2,2160.91,,,0
2022-11-25,PRA2,3754.46,,,0
2022-11-26,PRA2,2034.49,,,0
2022-11-27,PRA2,1597.31,,,0
2022-11-28,PRA2,1695.98,,,0
2022-11-29,PRA2,2718.2,,,0
2022-11-30,PRA2,2859.14,,,0
2022-12-01,PRA2,1955.8,,,0
2022-12-02,PRA2,3613.77,,,0
2022-12-03,PRA2,2861.28,,,0
2022-12-04,PRA2,3472.34,,,0
2022-12-05,PRA2,2237.89,,,0
2022-12-06,PRA2,2585.43,,,0
2022-12-07,PRA2,1985.07,,,0
2022-12-08,PRA2,2303.77,,,0
2022-12-09,PRA2,2200.5,,,0
2022-12-10,PRA2,2035.32,,,0
2022-12-11,PRA2,2614.34,,,0
2022-12-12,PRA2,1763.91,,,0
2022-12-13,PRA2,1243.02,,,0
2022-12-14,PRA2,2144.04,,,0
2022-12-15,PRA2,3282.8,,,0
2022-12-16,PRA2,3124.94,,,0
2022-12-17,PRA2,2556.51,,,0
2022-12-18,PRA2,1829.63,,,0
2022-12-19,PRA2,3217.4,,,0
2022-12-20,PRA2,3401.11,,,0
2022-12-21,PRA2,2229.25,,,0
2022-12-22,PRA2,1902.47,,,0
2022-12-23,PRA2,4570.97,,,0
2022-12-24,PRA2,1313.68,,,0
2022-12-25,PRA2,3268.82,,,0
2022-12-26,PRA2,2095.1,,,0
2022-12-27,PRA2,2601.95,,,0
2022-12-28,PRA2,1594.65,,,0
2022-12-29,PRA2,3318.01,,,0
2022-12-30,PRA2,2460.29,,,0
2022-12-31,PRA2,2468.32,,,0
2023-01-01,PRA2,3169.91,,,0
2023-01-02,PRA2,3490.85,,,0
2023-01-03,PRA2,1931.11,,,0
2023-01-04,PRA2,3040.84,,,0
2023-01-05,PRA2,1621.16,,,0
2023-01-06,PRA2,2061.02,,,0
2023-01-07,PRA2,2840.92,,,0
2023-01-08,PRA2,3062.52,,,0
2023-01-09,PRA2,2235.09,,,0
2023-01-10,PRA2,1804.18,,,0
2023-01-11,PRA2,3873.6,,,0
2023-01-12,PRA2,2338.71,,,0
2023-01-13,PRA2,3144.41,,,0
2023-01-14,PRA2,1225.71,,,0
2023-01-15,PRA2,2985.38,,,0
2023-01-16,PRA2,3131.88,,,0
2023-01-17,PRA2,4700.99,,,0
2023-01-18,PRA2,4879.9,,,0
2023-01-19,PRA2,2907.0,,,0
2023-01-20,PRA2,2361.07,,,0
2023-01-21,PRA2,2171.87,,,0
2023-01-22,PRA2,1667.77,,,0
2023-01-23,PRA2,2039.57,,,0
2023-01-24,PRA2,3624.02,,,0
2023-01-25,PRA2,4597.85,,,0
2023-01-26,PRA2,2133.73,,,0
2023-01-27,PRA2,2628.4,,,0
2023-01-28,PRA2,2523.29,,,0
2023-01-29,PRA2,2112.58,,,0
2023-01-30,PRA2,2530.26,,,0
2023-01-31,PRA2,3755.73,,,0
2023-02-01,PRA2,1750.74,,,0
2023-02-02,PRA2,2641.22,,,0
2023-02-03,PRA2,2283.58,,,0
2023-02-04,PRA2,4027.96,,,0
2023-02-05,PRA2,3850.42,,,0
2023-02-06,PRA2,2499.28,,,0
2023-02-07,PRA2,4185.22,,,0
2023-02-08,PRA2,3744.04,,,0
2023-02-09,PRA2,3102.78,,,0
2023-02-10,PRA2,2754.23,,,0
2023-02-11,PRA2,2418.05,,,0
2023-02-12,PRA2,4140.5,,,0
2023-02-13,PRA2,2964.75,,,0
2023-02-14,PRA2,3670.17,,,0
2023-02-15,PRA2,1359.09,,,0
2023-02-16,PRA2,3326.11,,,0
2023-02-17,PRA2,3469.66,,,0
2023-02-18,PRA2,3373.27,,,0
2023-02-19,PRA2,2951.97,,,0
2023-02-20,PRA2,1882.43,,,0
2023-02-21,PRA2,3335.63,,,0
2023-02-22,PRA2,3263.14,,,0
2023-02-23,PRA2,2820.15,,,0
2023-02-24,PRA2,2306.75,,,0
2023-02-25,PRA2,2903.07,,,0
2023-02-26,PRA2,1427.41,,,0
2023-02-27,PRA2,2082.15,,,0
2023-02-28,PRA2,4524.9,,,0
2023-03-01,PRA2,4110.7300000000005,,,0
2023-03-02,PRA2,1415.2,,,0
2023-03-03,PRA2,3303.85,,,0
2023-03-04,PRA2,2529.66,,,0
2023-03-05,PRA2,2980.62,,,0
2023-03-06,PRA2,2073.43,,,0
2023-03-07,PRA2,2423.91,,,0
2023-03-08,PRA2,2373.87,,,0
2023-03-09,PRA2,4215.99,,,0
2023-03-10,PRA2,3762.97,,,0
2023-03-11,PRA2,2110.88,,,0
2023-03-12,PRA2,4769.37,,,0
2023-03-13,PRA2,4558.78,,,0
2023-03-14,PRA2,3437.42,,,0
2023-03-15,PRA2,3437.58,,,0
2023-03-16,PRA2,5911.81,,,0
2023-03-17,PRA2,2933.01,,,0
2023-03-18,PRA2,3570.79,,,0
2023-03-19,PRA2,1896.73,,,0
2023-03-20,PRA2,3806.36,,,0
2023-03-21,PRA2,3483.02,,,0
2023-03-22,PRA2,3929.13,,,0
2023-03-23,PRA2,2203.98,,,0
2023-03-24,PRA2,2570.48,,,0
2023-03-25,PRA2,1641.56,,,0
2023-03-26,PRA2,2090.66,,,0
2023-03-27,PRA2,2740.51,,,0
2023-03-28,PRA2,3064.76,,,0
2023-03-29,PRA2,3083.76,,,0
2023-03-30,PRA2,1431.75,,,0
2023-03-31,PRA2,4340.4,,,0
2023-04-01,PRA2,2399.2,,,0
2023-04-02,PRA2,4604.03,,,0
2023-04-03,PRA2,3665.75,,,0
2023-04-04,PRA2,3425.5,,,0
2023-04-05,PRA2,3363.91,,,0
2023-04-06,PRA2,2284.91,,,0
2023-04-07,PRA2,4618.25,,,0
2023-04-08,PRA2,4073.14,,,0
2023-04-09,PRA2,1057.38,,,0
2023-04-10,PRA2,2876.14,,,0
2023-04-11,PRA2,1815.22,,,0
2023-04-12,PRA2,2038.38,,,0
2023-04-13,PRA2,1555.35,,,0
2023-04-14,PRA2,2920.56,,,0
2023-04-15,PRA2,1854.32,,,0
2023-04-16,PRA2,3964.35,,,0
2023-04-17,PRA2,2510.9,,,0
2023-04-18,PRA2,2384.34,,,0
2023-04-19,PRA2,4460.58,,,0
2023-04-20,PRA2,2465.84,,,0
2023-04-21,PRA2,1531.44,,,0
2023-04-22,PRA2,3546.69,,,0
2023-04-23,PRA2,1775.06,,,0
2023-04-24,PRA2,1981.81,,,0
2023-04-25,PRA2,3457.76,,,0
2023-04-26,PRA2,3126.2,,,0
2023-04-27,PRA2,1992.04,,,0
2023-04-28,PRA2,2275.81,,,0
2023-04-29,PRA2,2182.32,,,0
2023-04-30,PRA2,1750.54,,,0
2023-05-01,PRA2,4057.65,,,0
2023-05-02,PRA2,3642.07,,,0
2023-05-03,PRA2,2996.15,,,0
2023-05-04,PRA2,3681.97,,,0
2023-05-05,PRA2,1872.4,,,0
2023-05-06,PRA2,2908.19,,,0
2023-05-07,PRA2,1612.94,,,0
2023-05-08,PRA2,2585.25,,,0
2023-05-09,PRA2,3787.05,,,0
2023-05-10,PRA2,3146.59,,,0
2023-05-11,PRA2,2991.46,,,0
2023-05-12,PRA2,3844.79,,,0
2023-05-13,PRA2,2001.23,,,0
2023-05-14,PRA2,3254.21,,,0
2023-05-15,PRA2,2993.02,,,0
2023-05-16,PRA2,1727.14,,,0
2023-05-17,PRA2,2850.11,,,0
2023-05-18,PRA2,1615.12,,,0
2023-05-19,PRA2,2226.58,,,0
2023-05-20,PRA2,2871.09,,,0
2023-05-21,PRA2,1875.9,,,0
2023-05-22,PRA2,2713.73,,,0
2023-05-23,PRA2,1400.6,,,0
2023-05-24,PRA2,3613.94,,,0
2023-05-25,PRA2,1967.67,,,0
2023-05-26,PRA2,3672.4,,,0
2023-05-27,PRA2,2285.11,,,0
2023-05-28,PRA2,2763.9,,,0
2023-05-29,PRA2,1783.41,,,0
2023-05-30,PRA2,3140.45,,,0
2023-05-31,PRA2,2590.07,,,0
2023-06-01,PRA2,3825.42,,,0
2023-06-02,PRA2,4290.25,,,0
2023-06-03,PRA2,1974.94,,,0
2023-06-04,PRA2,2405.29,,,0
2023-06-05,PRA2,3565.46,,,0
2023-06-06,PRA2,1773.12,,,0
2023-06-07,PRA2,1564.28,,,0
2023-06-08,PRA2,1462.68,,,0
2023-06-09,PRA2,1852.25,,,0
2023-06-10,PRA2,2388.84,,,0
2023-06-11,PRA2,1274.24,,,0
2023-06-12,PRA2,2386.8,,,0
2023-06-13,PRA2,3139.79,,,0
2023-06-14,PRA2,3796.54,,,0
2023-06-15,PRA2,3461.77,,,0
2023-06-16,PRA2,1177.05,,,0
2023-06-17,PRA2,3859.8,,,0
2023-06-18,PRA2,2890.03,,,0
2023-06-19,PRA2,1007.85,,,0
2023-06-20,PRA2,2672.42,,,0
2023-06-21,PRA2,3487.67,,,0
2023-06-22,PRA2,1203.41,,,0
2023-06-23,PRA2,3562.57,,,0
2023-06-24,PRA2,3082.04,,,0
2023-06-25,PRA2,1284.59,,,0
2023-06-26,PRA2,2567.11,,,0
2023-06-27,PRA2,1729.86,,,0
2023-06-28,PRA2,2956.7,,,0
2023-06-29,PRA2,3914.53,,,0
2023-06-30,PRA2,936.39,,,0
2023-07-01,PRA2,1850.38,,,0
2023-07-02,PRA2,2220.61,,,0
2023-07-03,PRA2,2110.38,,,0
2023-07-04,PRA2,2269.82,,,0
2023-07-05,PRA2,2429.7,,,0
2023-07-06,PRA2,3524.26,,,0
2023-07-07,PRA2,2555.66,,,0
2023-07-08,PRA2,4192.89,,,0
2023-07-09,PRA2,2639.65,,,0
2023-07-10,PRA2,2153.53,,,0
2023-07-11,PRA2,3274.9,,,0
2023-07-12,PRA2,2347.76,,,0
2023-07-13,PRA2,3663.84,,,0
2023-07-14,PRA2,2019.24,,,0
2023-07-15,PRA2,3003.39,,,0
2023-07-16,PRA2,897.9100000000001,,,0
2023-07-17,PRA2,3066.65,,,0
2023-07-18,PRA2,1399.35,,,0
2023-07-19,PRA2,2830.7,,,0
2023-07-20,PRA2,3225.6,,,0
2023-07-21,PRA2,2284.97,,,0
2023-07-22,PRA2,1994.39,,,0
2023-07-23,PRA2,892.75,,,0
2023-07-24,PRA2,2569.1,,,0
2023-07-25,PRA2,2523.75,,,0
2023-07-26,PRA2,2309.61,,,0
2023-07-27,PRA2,3872.75,,,0
2023-07-28,PRA2,2115.82,,,0
2023-07-29,PRA2,1701.77,,,0
2023-07-30,PRA2,1188.42,,,0
2023-07-31,PRA2,1550.12,,,0
2023-08-01,PRA2,2933.42,,,0
2023-08-02,PRA2,5162.15,,,0
2023-08-03,PRA2,4453.19,,,0
2023-08-04,PRA2,1657.03,,,0
2023-08-05,PRA2,3403.4700000000003,,,0
2023-08-06,PRA2,4062.15,,,0
2023-08-07,PRA2,1693.98,,,0
2023-08-08,PRA2,2183.65,,,0
2023-08-09,PRA2,2646.21,,,0
2023-08-10,PRA2,2373.11,,,0
2023-08-11,PRA2,897.6999999999999,,,0
2023-08-12,PRA2,1296.82,,,0
2023-08-13,PRA2,1367.93,,,0
2023-08-14,PRA2,2045.59,,,0
2023-08-15,PRA2,2140.92,,,0
2023-08-16,PRA2,4988.26,,,0
2023-08-17,PRA2,2178.01,,,0
2023-08-18,PRA2,1453.34,,,0
2023-08-19,PRA2,857.25,,,0
2023-08-20,PRA2,2420.01,,,0
2023-08-21,PRA2,3046.28,,,0
2023-08-22,PRA2,1667.09,,,0
2023-08-23,PRA2,3091.54,,,0
2023-08-24,PRA2,1164.83,,,0
2023-08-25,PRA2,1955.89,,,0
2023-08-26,PRA2,2643.54,,,0
2023-08-27,PRA2,2073.71,,,0
2023-08-28,PRA2,3539.32,,,0
2023-08-29,PRA2,1268.32,,,0
2023-08-30,PRA2,1984.3,,,0
2023-08-31,PRA2,1271.0,,,0
2023-09-01,PRA2,1790.87,,,0
2023-09-02,PRA2,1817.65,,,0
2023-09-03,PRA2,2960.07,,,0
2023-09-04,PRA2,2779.43,,,0
2023-09-05,PRA2,3200.71,,,0
2023-09-06,PRA2,3066.6,,,0
2023-09-07,PRA2,1682.53,,,0
2023-09-08,PRA2,1583.76,,,0
2023-09-09,PRA2,1664.61,,,0
2023-09-10,PRA2,1731.53,,,0
2023-09-11,PRA2,1615.88,,,0
2023-09-12,PRA2,2182.78,,,0
2023-09-13,PRA2,2052.59,,,0
2023-09-14,PRA2,1479.93,,,0
2023-09-15,PRA2,3429.15,,,0
2023-09-16,PRA2,1883.45,,,0
2023-09-17,PRA2,3045.36,,,0
2023-09-18,PRA2,1486.99,,,0
2023-09-19,PRA2,581.52,,,0
2023-09-20,PRA2,4163.09,,,0
2023-09-21,PRA2,1272.33,,,0
2023-09-22,PRA2,1453.84,,,0
2023-09-23,PRA2,1690.19,,,0
2023-09-24,PRA2,883.86,,,0
2023-09-25,PRA2,2643.38,,,0
2023-09-26,PRA2,1733.27,,,0
2023-09-27,PRA2,2156.4,,,0
2023-09-28,PRA2,1645.43,,,0
2023-09-29,PRA2,2578.53,,,0
2023-09-30,PRA2,1393.74,,,0
2023-10-01,PRA2,1752.54,,,0
2023-10-02,PRA2,1920.96,,,0
2023-10-03,PRA2,1405.33,,,0
2023-10-04,PRA2,2553.59,,,0
2023-10-05,PRA2,1673.5,,,0
2023-10-06,PRA2,2702.09,,,0
2023-10-07,PRA2,2923.91,,,0
2023-10-08,PRA2,2536.37,,,0
2023-10-09,PRA2,1563.87,,,0
2023-10-10,PRA2,1838.65,,,0
2023-10-11,PRA2,1974.05,,,0
2023-10-12,PRA2,1861.41,,,0
2023-10-13,PRA2,3231.58,,,0
2023-10-14,PRA2,1276.89,,,0
2023-10-15,PRA2,2220.8,,,0
2023-10-16,PRA2,1368.88,,,0
2023-10-17,PRA2,2244.0,,,0
2023-10-18,PRA2,764.44,,,0
2023-10-19,PRA2,3130.72,,,0
2023-10-20,PRA2,2106.01,,,0
2023-10-21,PRA2,1880.26,,,0
2023-10-22,PRA2,590.94,,,0
2023-10-23,PRA2,1743.32,,,0
2023-10-24,PRA2,1561.47,,,0
2023-10-25,PRA2,3671.23,,,0
2023-10-26,PRA2,2519.87,,,0
2023-10-27,PRA2,2397.44,,,0
2023-10-28,PRA2,1198.6,,,0
2023-10-29,PRA2,747.9399999999999,,,0
2023-10-30,PRA2,2251.18,,,0
2023-10-31,PRA2,2812.84,,,0
2023-11-01,PRA2,3369.85,,,0
2023-11-02,PRA2,3826.27,,,0
2023-11-03,PRA2,2301.58,,,0
2023-11-04,PRA2,1930.47,,,0
2023-11-05,PRA2,2314.05,,,0
2023-11-06,PRA2,1632.1,,,0
2023-11-07,PRA2,5086.13,,,0
2023-11-08,PRA2,1240.72,,,0
2023-11-09,PRA2,2231.13,,,0
2023-11-10,PRA2,2980.2,,,0
2023-11-11,PRA2,702.33,,,0
2023-11-12,PRA2,3034.18,,,0
2023-11-13,PRA2,2250.23,,,0
2023-11-14,PRA2,3139.84,,,0
2023-11-15,PRA2,2216.42,,,0
2023-11-16,PRA2,1851.97,,,0
2023-11-17,PRA2,2625.31,,,0
2023-11-18,PRA2,2467.13,,,0
2023-11-19,PRA2,2063.93,,,0
2023-11-20,PRA2,3182.83,,,0
2023-11-21,PRA2,3972.84,,,0
2023-11-22,PRA2,3199.07,,,0
2023-11-23,PRA2,4212.67,,,0
2023-11-24,PRA2,1324.42,,,0
2023-11-25,PRA2,2603.65,,,0
2023-11-26,PRA2,977.37,,,0
2023-11-27,PRA2,2199.86,,,0
2023-11-28,PRA2,2556.53,,,0
2023-11-29,PRA2,2941.1,,,0
2023-11-30,PRA2,3296.02,,,0
2023-12-01,PRA2,2238.46,,,0
2023-12-02,PRA2,2067.67,,,0
2023-12-03,PRA2,4017.09,,,0
2023-12-04,PRA2,1384.98,,,0
2023-12-05,PRA2,1929.2,,,0
2023-12-06,PRA2,4619.72,,,0
2023-12-07,PRA2,1592.03,,,0
2023-12-08,PRA2,2318.12,,,0
2023-12-09,PRA2,2018.9,,,0
2023-12-10,PRA2,2662.09,,,0
2023-12-11,PRA2,3269.34,,,0
2023-12-12,PRA2,4669.94,,,0
2023-12-13,PRA2,2874.17,,,0
2023-12-14,PRA2,2497.8,,,0
2023-12-15,PRA2,2922.22,,,0
2023-12-16,PRA2,1689.26,,,0
2023-12-17,PRA2,3018.94,,,0
2023-12-18,PRA2,1249.29,,,0
2023-12-19,PRA2,1869.75,,,0
2023-12-20,PRA2,2418.46,,,0
2023-12-21,PRA2,2232.9,,,0
2023-12-22,PRA2,1664.91,,,0
2023-12-23,PRA2,2333.42,,,0
2023-12-24,PRA2,2615.58,,,0
2023-12-25,PRA2,3298.62,,,0
2023-12-26,PRA2,3374.73,,,0
2023-12-27,PRA2,4524.83,,,0
2023-12-28,PRA2,5197.01,,,0
2023-12-29,PRA2,2737.47,,,0
2023-12-30,PRA2,2166.41,,,0
2023-12-31,PRA2,2240.42,,,0
2024-01-01,PRA2,2615.53,,,0
2024-01-02,PRA2,3597.61,,,0
2024-01-03,PRA2,2644.01,,,0
2024-01-04,PRA2,2875.8,,,0
2024-01-05,PRA2,1923.79,,,0
2024-01-06,PRA2,3611.93,,,0
2024-01-07,PRA2,2932.07,,,0
2024-01-08,PRA2,1675.05,,,0
2024-01-09,PRA2,3884.77,,,0
2024-01-10,PRA2,2199.52,,,0
2024-01-11,PRA2,2888.84,,,0
2024-01-12,PRA2,4838.17,,,0
2024-01-13,PRA2,2317.25,,,0
2024-01-14,PRA2,2675.43,,,0
2024-01-15,PRA2,2263.81,,,0
2024-01-16,PRA2,3482.51,,,0
2024-01-17,PRA2,3015.88,,,0
2024-01-18,PRA2,3002.99,,,0
2024-01-19,PRA2,2462.17,,,0
2024-01-20,PRA2,2519.19,,,0
2024-01-21,PRA2,2851.61,,,0
2024-01-22,PRA2,2357.06,,,0
2024-01-23,PRA2,3432.02,,,0
2024-01-24,PRA2,2757.81,,,0
2024-01-25,PRA2,2170.64,,,0
2024-01-26,PRA2,3010.14,,,0
2024-01-27,PRA2,2896.98,,,0
2024-01-28,PRA2,3872.81,,,0
2024-01-29,PRA2,3239.98,,,0
2024-01-30,PRA2,5336.64,,,0
2024-01-31,PRA2,2827.16,,,0
2024-02-01,PRA2,2938.8,,,0
2024-02-02,PRA2,2137.27,,,0
2024-02-03,PRA2,2656.9500000000003,,,0
2024-02-04,PRA2,3553.28,,,0
2024-02-05,PRA2,2327.63,,,0
2024-02-06,PRA2,3833.9,,,0
2024-02-07,PRA2,3463.53,,,0
2024-02-08,PRA2,2491.91,,,0
2024-02-09,PRA2,2414.1,,,0
2024-02-10,PRA2,3875.09,,,0
2024-02-11,PRA2,2545.08,,,0
2024-02-12,PRA2,3141.91,,,0
2024-02-13,PRA2,4367.01,,,0
2024-02-14,PRA2,2859.81,,,0
2024-02-15,PRA2,4735.52,,,0
2024-02-16,PRA2,3444.57,,,0
2024-02-17,PRA2,2218.1,,,0
2024-02-18,PRA2,2565.47,,,0
2024-02-19,PRA2,3287.58,,,0
2024-02-20,PRA2,2278.64,,,0
2024-02-21,PRA2,1850.34,,,0
2024-02-22,PRA2,2881.14,,,0
2024-02-23,PRA2,2616.66,,,0
2024-02-24,PRA2,4110.14,,,0
2024-02-25,PRA2,1898.03,,,0
2024-02-26,PRA2,3493.36,,,0
2024-02-27,PRA2,4169.92,,,0
2024-02-28,PRA2,4268.8,,,0
2024-02-29,PRA2,2459.91,,,0
2024-03-01,PRA2,3038.93,,,0
2024-03-02,PRA2,2359.2,,,0
2024-03-03,PRA2,3281.24,,,0
2024-03-04,PRA2,1263.47,,,0
2024-03-05,PRA2,3008.47,,,0
2024-03-06,PRA2,3242.1,,,0
2024-03-07,PRA2,2769.82,,,0
2024-03-08,PRA2,1899.6,,,0
2024-03-09,PRA2,2783.23,,,0
2024-03-10,PRA2,2481.76,,,0
2024-03-11,PRA2,2779.81,,,0
2024-03-12,PRA2,4773.34,,,0
2024-03-13,PRA2,3322.27,,,0
2024-03-14,PRA2,3271.2000000000003,,,0
2024-03-15,PRA2,2483.22,,,0
2024-03-16,PRA2,3146.69,,,0
2024-03-17,PRA2,4902.01,,,0
2024-03-18,PRA2,3518.84,,,0
2024-03-19,PRA2,3013.38,,,0
2024-03-20,PRA2,2431.54,,,0
2024-03-21,PRA2,3076.85,,,0
2024-03-22,PRA2,3409.43,,,0
2024-03-23,PRA2,2858.28,,,0
2024-03-24,PRA2,3170.92,,,0
2024-03-25,PRA2,1959.61,,,0
2024-03-26,PRA2,4492.07,,,0
2024-03-27,PRA2,1352.47,,,0
2024-03-28,PRA2,3219.49,,,0
2024-03-29,PRA2,3284.31,,,0
2024-03-30,PRA2,2725.88,,,0
2024-03-31,PRA2,2910.17,,,0
2024-04-01,PRA2,2865.51,,,0
2024-04-02,PRA2,2554.32,,,0
2024-04-03,PRA2,3112.79,,,0
2024-04-04,PRA2,3153.83,,,0
2024-04-05,PRA2,3115.47,,,0
2024-04-06,PRA2,2376.64,,,0
2024-04-07,PRA2,2366.12,,,0
2024-04-08,PRA2,4899.86,,,0
2024-04-09,PRA2,2737.74,,,0
2024-04-10,PRA2,2822.23,,,0
2024-04-11,PRA2,2553.71,,,0
2024-04-12,PRA2,3372.71,,,0
2024-04-13,PRA2,942.64,,,0
2024-04-14,PRA2,3109.11,,,0
2024-04-15,PRA2,1764.48,,,0
2024-04-16,PRA2,1915.05,,,0
2024-04-17,PRA2,4466.87,,,0
2024-04-18,PRA2,2385.14,,,0
2024-04-19,PRA2,2368.29,,,0
2024-04-20,PRA2,1809.09,,,0
2024-04-21,PRA2,4168.55,,,0
2024-04-22,PRA2,3418.59,,,0
2024-04-23,PRA2,2859.12,,,0
2024-04-24,PRA2,3847.95,,,0
2024-04-25,PRA2,1334.39,,,0
2024-04-26,PRA2,3082.5,,,0
2024-04-27,PRA2,1678.91,,,0
2024-04-28,PRA2,2478.82,,,0
2024-04-29,PRA2,3016.11,,,0
2024-04-30,PRA2,3259.47,,,0
2024-05-01,PRA2,2252.35,,,0
2024-05-02,PRA2,1857.38,,,0
2024-05-03,PRA2,3487.33,,,0
2024-05-04,PRA2,2066.57,,,0
2024-05-05,PRA2,2081.13,,,0
2024-05-06,PRA2,3402.94,,,0
2024-05-07,PRA2,2499.48,,,0
2024-05-08,PRA2,2237.8,,,0
2024-05-09,PRA2,2581.78,,,0
2024-05-10,PRA2,2067.59,,,0
2024-05-11,PRA2,2160.15,,,0
2024-05-12,PRA2,3317.51,,,0
2024-05-13,PRA2,1890.65,,,0
2024-05-14,PRA2,2530.21,,,0
2024-05-15,PRA2,3472.59,,,0
2024-05-16,PRA2,2928.59,,,0
2024-05-17,PRA2,2451.97,,,0
2024-05-18,PRA2,1778.47,,,0
2024-05-19,PRA2,3157.15,,,0
2024-05-20,PRA2,2829.82,,,0
2024-05-21,PRA2,2706.26,,,0
2024-05-22,PRA2,2769.69,,,0
2024-05-23,PRA2,2590.3,,,0
2024-05-24,PRA2,3350.88,,,0
2024-05-25,PRA2,3110.52,,,0
2024-05-26,PRA2,2738.38,,,0
2024-05-27,PRA2,2543.62,,,0
2024-05-28,PRA2,4409.37,,,0
2024-05-29,PRA2,2240.26,,,0
2024-05-30,PRA2,1457.82,,,0
2024-05-31,PRA2,1794.31,,,0
2024-06-01,PRA2,3343.69,,,0
2024-06-02,PRA2,2622.02,,,0
2024-06-03,PRA2,3929.17,,,0
2024-06-04,PRA2,2615.16,,,0
2024-06-05,PRA2,3364.01,,,0
2024-06-06,PRA2,1554.91,,,0
2024-06-07,PRA2,1881.52,,,0
2024-06-08,PRA2,3994.42,,,0
2024-06-09,PRA2,1977.58,,,0
2024-06-10,PRA2,1136.65,,,0
2024-06-11,PRA2,4994.33,,,0
2024-06-12,PRA2,1429.76,,,0
2024-06-13,PRA2,2940.37,,,0
2024-06-14,PRA2,2855.34,,,0
2024-06-15,PRA2,2310.36,,,0
2024-06-16,PRA2,1845.96,,,0
2024-06-17,PRA2,2095.38,,,0
2024-06-18,PRA2,2351.24,,,0
2024-06-19,PRA2,2442.57,,,0
2024-06-20,PRA2,2825.2000000000003,,,0
2024-06-21,PRA2,1482.8,,,0
2024-06-22,PRA2,4212.93,,,0
2024-06-23,PRA2,2791.16,,,0
2024-06-24,PRA2,2651.18,,,0
2024-06-25,PRA2,3158.78,,,0
2024-06-26,PRA2,2152.42,,,0
2024-06-27,PRA2,2484.99,,,0
2024-06-28,PRA2,2784.17,,,0
2024-06-29,PRA2,3701.81,,,0
2024-06-30,PRA2,2465.82,,,0
2024-07-01,PRA2,2301.3,,,0
2024-07-02,PRA2,2212.76,,,0
2024-07-03,PRA2,2492.49,,,0
2024-07-04,PRA2,2520.25,,,0
2024-07-05,PRA2,2424.99,,,0
2024-07-06,PRA2,1449.67,,,0
2024-07-07,PRA2,3227.13,,,0
2024-07-08,PRA2,1884.81,,,0
2024-07-09,PRA2,2921.07,,,0
2024-07-10,PRA2,2527.06,,,0
2024-07-11,PRA2,2838.19,,,0
2024-07-12,PRA2,2984.18,,,0
2024-07-13,PRA2,2868.89,,,0
2024-07-14,PRA2,913.88,,,0
2024-07-15,PRA2,2930.17,,,0
2024-07-16,PRA2,2790.75,,,0
2024-07-17,PRA2,2399.23,,,0
2024-07-18,PRA2,1080.8,,,0
2024-07-19,PRA2,1870.24,,,0
2024-07-20,PRA2,2469.98,,,0
2024-07-21,PRA2,4480.25,,,0
2024-07-22,PRA2,1374.8,,,0
2024-07-23,PRA2,3887.41,,,0
2024-07-24,PRA2,2408.53,,,0
2024-07-25,PRA2,1151.8,,,0
2024-07-26,PRA2,1607.61,,,0
2024-07-27,PRA2,2361.28,,,0
2024-07-28,PRA2,1723.69,,,0
2024-07-29,PRA2,3172.46,,,0
2024-07-30,PRA2,3244.81,,,0
2024-07-31,PRA2,4235.03,,,0
2024-08-01,PRA2,3467.72,,,0
2024-08-02,PRA2,1129.26,,,0
2024-08-03,PRA2,4339.72,,,0
2024-08-04,PRA2,995.87,,,0
2024-08-05,PRA2,1508.56,,,0
2024-08-06,PRA2,1951.45,,,0
2024-08-07,PRA2,3200.01,,,0
2024-08-08,PRA2,1033.96,,,0
2024-08-09,PRA2,1354.44,,,0
2024-08-10,PRA2,3105.04,,,0
2024-08-11,PRA2,2116.72,,,0
2024-08-12,PRA2,1857.37,,,0
2024-08-13,PRA2,3244.6,,,0
2024-08-14,PRA2,4509.02,,,0
2024-08-15,PRA2,1351.81,,,0
2024-08-16,PRA2,2246.11,,,0
2024-08-17,PRA2,1973.68,,,0
2024-08-18,PRA2,876.73,,,0
2024-08-19,PRA2,1759.66,,,0
2024-08-20,PRA2,3436.0,,,0
2024-08-21,PRA2,1768.21,,,0
2024-08-22,PRA2,1383.03,,,0
2024-08-23,PRA2,2579.55,,,0
2024-08-24,PRA2,1992.94,,,0
2024-08-25,PRA2,1371.39,,,0
2024-08-26,PRA2,2325.24,,,0
2024-08-27,PRA2,3540.87,,,0
2024-08-28,PRA2,3076.6,,,0
2024-08-29,PRA2,1237.5,,,0
2024-08-30,PRA2,3121.42,,,0
2024-08-31,PRA2,4213.8,,,0
2024-09-01,PRA2,2522.03,,,0
2024-09-02,PRA2,1590.24,,,0
2024-09-03,PRA2,2940.16,,,0
2024-09-04,PRA2,2960.68,,,0
2024-09-05,PRA2,3246.11,,,0
2024-09-06,PRA2,1913.12,,,0
2024-09-07,PRA2,2810.72,,,0
2024-09-08,PRA2,2913.73,,,0
2024-09-09,PRA2,1007.75,,,0
2024-09-10,PRA2,2526.44,,,0
2024-09-11,PRA2,1875.03,,,0
2024-09-12,PRA2,2373.08,,,0
2024-09-13,PRA2,1223.43,,,0
2024-09-14,PRA2,2992.67,,,0
2024-09-15,PRA2,2716.95,,,0
2024-09-16,PRA2,2277.84,,,0
2024-09-17,PRA2,662.79,,,0
2024-09-18,PRA2,1778.23,,,0
2024-09-19,PRA2,2222.17,,,0
2024-09-20,PRA2,2236.8,,,0
2024-09-21,PRA2,1251.55,,,0
2024-09-22,PRA2,987.05,,,0
2024-09-23,PRA2,2721.67,,,0
2024-09-24,PRA2,1875.68,,,0
2024-09-25,PRA2,2052.08,,,0
2024-09-26,PRA2,2657.74,,,0
2024-09-27,PRA2,2685.6,,,0
2024-09-28,PRA2,1079.67,,,0
2024-09-29,PRA2,2044.43,,,0
2024-09-30,PRA2,3002.75,,,0
2024-10-01,PRA2,2644.08,,,0
2024-10-02,PRA2,1601.47,,,0
2024-10-03,PRA2,484.61,,,0
2024-10-04,PRA2,832.98,,,0
2024-10-05,PRA2,1600.43,,,0
2024-10-06,PRA2,1654.33,,,0
2024-10-07,PRA2,2024.97,,,0
2024-10-08,PRA2,1876.9,,,0
2024-10-09,PRA2,3280.38,,,0
2024-10-10,PRA2,2117.67,,,0
2024-10-11,PRA2,2341.73,,,0
2024-10-12,PRA2,2578.77,,,0
2024-10-13,PRA2,2574.96,,,0
2024-10-14,PRA2,924.18,,,0
2024-10-15,PRA2,1309.72,,,0
2024-10-16,PRA2,2320.99,,,0
2024-10-17,PRA2,2828.15,,,0
2024-10-18,PRA2,2942.95,,,0
2024-10-19,PRA2,1626.64,,,0
2024-10-20,PRA2,2831.54,,,0
2024-10-21,PRA2,1062.62,,,0
2024-10-22,PRA2,2268.9,,,0
2024-10-23,PRA2,2384.01,,,0
2024-10-24,PRA2,1730.03,,,0
2024-10-25,PRA2,1464.05,,,0
2024-10-26,PRA2,2730.3,,,0
2024-10-27,PRA2,2845.38,,,0
2024-10-28,PRA2,2281.69,,,0
2024-10-29,PRA2,3704.5,,,0
2024-10-30,PRA2,1063.58,,,0
2024-10-31,PRA2,1874.9,,,0
2024-11-01,PRA2,1744.9,,,0
2024-11-02,PRA2,1912.35,,,0
2024-11-03,PRA2,1554.19,,,0
2024-11-04,PRA2,1651.82,,,0
2024-11-05,PRA2,5077.13,,,0
2024-11-06,PRA2,1857.63,,,0
2024-11-07,PRA2,3217.36,,,0
2024-11-08,PRA2,1965.65,,,0
2024-11-09,PRA2,1670.18,,,0
2024-11-10,PRA2,1372.2,,,0
2024-11-11,PRA2,2493.76,,,0
2024-11-12,PRA2,4614.71,,,0
2024-11-13,PRA2,2189.81,,,0
2024-11-14,PRA2,3356.19,,,0
2024-11-15,PRA2,1359.07,,,0
2024-11-16,PRA2,1740.0,,,0
2024-11-17,PRA2,3121.81,,,0
2024-11-18,PRA2,2188.35,,,0
2024-11-19,PRA2,1730.15,,,0
2024-11-20,PRA2,1832.99,,,0
2024-11-21,PRA2,723.88,,,0
2024-11-22,PRA2,2726.89,,,0
2024-11-23,PRA2,2127.9700000000003,,,0
2024-11-24,PRA2,1297.16,,,0
2024-11-25,PRA2,3025.63,,,0
2024-11-26,PRA2,3280.23,,,0
2024-11-27,PRA2,3187.7,,,0
2024-11-28,PRA2,1611.93,,,0
2024-11-29,PRA2,1293.47,,,0
2024-11-30,PRA2,1218.17,,,0
2024-12-01,PRA2,2124.84,,,0
2024-12-02,PRA2,2788.29,,,0
2024-12-03,PRA2,2470.81,,,0
2024-12-04,PRA2,2656.42,,,0
2024-12-05,PRA2,1175.94,,,0
2024-12-06,PRA2,2124.5,,,0
2024-12-07,PRA2,2687.77,,,0
2024-12-08,PRA2,2811.13,,,0
2024-12-09,PRA2,3823.72,,,0
2024-12-10,PRA2,4484.37,,,0
2024-12-11,PRA2,1988.16,,,0
2024-12-12,PRA2,2373.78,,,0
2024-12-13,PRA2,2226.75,,,0
2024-12-14,PRA2,2604.57,,,0
2024-12-15,PRA2,2996.22,,,0
2024-12-16,PRA2,874.69,,,0
2024-12-17,PRA2,3053.29,,,0
2024-12-18,PRA2,3347.97,,,0
2024-12-19,PRA2,2242.95,,,0
2024-12-20,PRA2,3037.75,,,0
2024-12-21,PRA2,3114.96,,,0
2024-12-22,PRA2,2615.35,,,0
2024-12-23,PRA2,2031.69,,,0
2024-12-24,PRA2,1509.6,,,0
2024-12-25,PRA2,3150.26,,,0
2024-12-26,PRA2,2363.29,,,0
2024-12-27,PRA2,3513.0,,,0
2024-12-28,PRA2,2655.43,,,0
2024-12-29,PRA2,3400.22,,,0
2024-12-30,PRA2,3099.68,,,0
2024-12-31,PRA2,3725.34,,,0
2025-01-01,PRA2,3028.844429983628,1633.5363108795416,4424.152549087714,1
2025-01-02,PRA2,2441.36711633231,982.9828538912627,3899.751378773358,1
2025-01-03,PRA2,2337.796454524858,873.4453497796451,3802.147559270071,1
2025-01-04,PRA2,2454.9283359058236,989.9127208525717,3919.9439509590757,1
2025-01-05,PRA2,2480.010364703325,1014.8887557421324,3945.1319736645182,1
2025-01-06,PRA2,2391.019110501953,925.8659475978079,3856.172273406098,1
2025-01-07,PRA2,3019.4935072110156,1554.3227148274232,4484.664299594608,1
2025-01-08,PRA2,2909.195394114228,1442.844583471717,4375.546204756739,1
2025-01-09,PRA2,2405.880731744403,939.3615596972274,3872.3999037915783,1
2025-01-10,PRA2,2327.6358361936295,861.0740606712686,3794.19761171599,1
2025-01-11,PRA2,2452.388609106906,985.805855601104,3918.9713626127086,1
2025-01-12,PRA2,2479.7638750431624,1013.165358541442,3946.362391544883,1
2025-01-13,PRA2,2391.4626892612487,924.8497963906939,3858.0755821318035,1
2025-01-14,PRA2,3020.1447375975617,1553.517867558243,4486.771607636881,1
2025-01-15,PRA2,2909.9091098965464,1442.1059653383634,4377.712254454729,1
2025-01-16,PRA2,2406.613250291412,938.6397438315478,3874.586756751276,1
2025-01-17,PRA2,2328.3740127660963,860.3563802830511,3796.391645249141,1
2025-01-18,PRA2,2453.128488261552,985.0886969346784,3921.1682795884253,1
2025-01-19,PRA2,2480.504266529557,1012.4476588619475,3948.5608741971664,1
2025-01-20,PRA2,2392.2032349157203,924.131235641921,3860.2752341895193,1
2025-01-21,PRA2,3020.8853296434504,1552.7983493705253,4488.972309916376,1
2025-01-22,PRA2,2910.6497159022874,1441.3782398193025,4379.921191985272,1
2025-01-23,PRA2,2407.3538604978758,937.9086334124736,3876.799087583278,1
2025-01-24,PRA2,2329.114624236619,859.6235093554019,3798.605739117836,1
2025-01-25,PRA2,2453.869100112448,984.3545683231873,3923.3836319017087,1
2025-01-26,PRA2,2481.244878494913,1011.712431912402,3950.7773250774235,1
2025-01-27,PRA2,2392.943846915519,923.3949565389241,3862.492737292114,1
2025-01-28,PRA2,3021.6259416536136,1552.0610318170422,4491.190851490185,1
2022-01-01,PRA3,2659.11,,,0
2022-01-02,PRA3,1761.71,,,0
2022-01-03,PRA3,2611.33,,,0
2022-01-04,PRA3,2445.29,,,0
2022-01-05,PRA3,2220.89,,,0
2022-01-06,PRA3,2619.81,,,0
2022-01-07,PRA3,2859.16,,,0
2022-01-08,PRA3,649.58,,,0
2022-01-09,PRA3,1575.19,,,0
2022-01-10,PRA3,2330.02,,,0
2022-01-11,PRA3,3047.63,,,0
2022-01-12,PRA3,2091.67,,,0
2022-01-13,PRA3,1136.27,,,0
2022-01-14,PRA3,1297.3,,,0
2022-01-15,PRA3,1689.74,,,0
2022-01-16,PRA3,1339.23,,,0
2022-01-17,PRA3,3270.03,,,0
2022-01-18,PRA3,2869.76,,,0
2022-01-19,PRA3,1917.24,,,0
2022-01-20,PRA3,1198.4,,,0
2022-01-21,PRA3,1660.14,,,0
2022-01-22,PRA3,927.88,,,0
2022-01-23,PRA3,2668.43,,,0
2022-01-24,PRA3,668.67,,,0
2022-01-25,PRA3,1471.35,,,0
2022-01-26,PRA3,1280.22,,,0
2022-01-27,PRA3,1373.11,,,0
2022-01-28,PRA3,3519.38,,,0
2022-01-29,PRA3,1228.32,,,0
2022-01-30,PRA3,1193.85,,,0
2022-01-31,PRA3,1875.58,,,0
2022-02-01,PRA3,1595.83,,,0
2022-02-02,PRA3,2997.55,,,0
2022-02-03,PRA3,2512.32,,,0
2022-02-04,PRA3,2046.46,,,0
2022-02-05,PRA3,964.38,,,0
2022-02-06,PRA3,3447.07,,,0
2022-02-07,PRA3,2955.01,,,0
2022-02-08,PRA3,1789.46,,,0
2022-02-09,PRA3,2944.56,,,0
2022-02-10,PRA3,1921.42,,,0
2022-02-11,PRA3,325.87,,,0
2022-02-12,PRA3,1511.09,,,0
2022-02-13,PRA3,2166.0,,,0
2022-02-14,PRA3,1416.16,,,0
2022-02-15,PRA3,1879.55,,,0
2022-02-16,PRA3,2946.57,,,0
2022-02-17,PRA3,2149.08,,,0
2022-02-18,PRA3,1348.77,,,0
2022-02-19,PRA3,1811.04,,,0
2022-02-20,PRA3,1927.61,,,0
2022-02-21,PRA3,3156.18,,,0
2022-02-22,PRA3,3941.44,,,0
2022-02-23,PRA3,2019.42,,,0
2022-02-24,PRA3,2915.24,,,0
2022-02-25,PRA3,3091.11,,,0
2022-02-26,PRA3,1007.78,,,0
2022-02-27,PRA3,2130.2,,,0
2022-02-28,PRA3,1569.57,,,0
2022-03-01,PRA3,1162.61,,,0
2022-03-02,PRA3,3161.89,,,0
2022-03-03,PRA3,2469.9,,,0
2022-03-04,PRA3,1760.84,,,0
2022-03-05,PRA3,855.29,,,0
2022-03-06,PRA3,1766.13,,,0
2022-03-07,PRA3,960.42,,,0
2022-03-08,PRA3,2720.46,,,0
2022-03-09,PRA3,3697.56,,,0
2022-03-10,PRA3,1827.9,,,0
2022-03-11,PRA3,3134.09,,,0
2022-03-12,PRA3,4076.56,,,0
2022-03-13,PRA3,2083.88,,,0
2022-03-14,PRA3,2495.84,,,0
2022-03-15,PRA3,3116.76,,,0
2022-03-16,PRA3,2150.84,,,0
2022-03-17,PRA3,3132.32,,,0
2022-03-18,PRA3,1816.86,,,0
2022-03-19,PRA3,1280.03,,,0
2022-03-20,PRA3,1740.32,,,0
2022-03-21,PRA3,2031.5,,,0
2022-03-22,PRA3,2455.48,,,0
2022-03-23,PRA3,1947.65,,,0
2022-03-24,PRA3,1798.9,,,0
2022-03-25,PRA3,1648.27,,,0
2022-03-26,PRA3,1994.68,,,0
2022-03-27,PRA3,477.19,,,0
2022-03-28,PRA3,1500.76,,,0
2022-03-29,PRA3,1597.8,,,0
2022-03-30,PRA3,1689.85,,,0
2022-03-31,PRA3,2905.79,,,0
2022-04-01,PRA3,3401.69,,,0
2022-04-02,PRA3,2288.48,,,0
2022-04-03,PRA3,2081.04,,,0
2022-04-04,PRA3,2002.51,,,0
2022-04-05,PRA3,1399.64,,,0
2022-04-06,PRA3,1968.98,,,0
2022-04-07,PRA3,1417.44,,,0
2022-04-08,PRA3,1417.5,,,0
2022-04-09,PRA3,1630.44,,,0
2022-04-10,PRA3,3366.07,,,0
2022-04-11,PRA3,1838.23,,,0
2022-04-12,PRA3,970.08,,,0
2022-04-13,PRA3,1983.87,,,0
2022-04-14,PRA3,1929.75,,,0
2022-04-15,PRA3,1251.77,,,0
2022-04-16,PRA3,1023.81,,,0
2022-04-17,PRA3,753.49,,,0
2022-04-18,PRA3,1854.81,,,0
2022-04-19,PRA3,3298.88,,,0
2022-04-20,PRA3,2499.09,,,0
2022-04-21,PRA3,1561.64,,,0
2022-04-22,PRA3,1952.5,,,0
2022-04-23,PRA3,1610.16,,,0
2022-04-24,PRA3,2416.22,,,0
2022-04-25,PRA3,888.73,,,0
2022-04-26,PRA3,1070.19,,,0
2022-04-27,PRA3,1630.49,,,0
2022-04-28,PRA3,1943.44,,,0
2022-04-29,PRA3,719.45,,,0
2022-04-30,PRA3,2310.99,,,0
2022-05-01,PRA3,864.35,,,0
2022-05-02,PRA3,1109.84,,,0
2022-05-03,PRA3,2150.66,,,0
2022-05-04,PRA3,3037.83,,,0
2022-05-05,PRA3,701.38,,,0
2022-05-06,PRA3,1614.73,,,0
2022-05-07,PRA3,727.32,,,0
2022-05-08,PRA3,1507.32,,,0
2022-05-09,PRA3,1033.15,,,0
2022-05-10,PRA3,2010.68,,,0
2022-05-11,PRA3,1774.7,,,0
2022-05-12,PRA3,2139.03,,,0
2022-05-13,PRA3,855.36,,,0
2022-05-14,PRA3,2815.28,,,0
2022-05-15,PRA3,1495.96,,,0
2022-05-16,PRA3,1884.05,,,0
2022-05-17,PRA3,1445.06,,,0
2022-05-18,PRA3,1994.8,,,0
2022-05-19,PRA3,852.33,,,0
2022-05-20,PRA3,3025.1800000000003,,,0
2022-05-21,PRA3,2136.71,,,0
2022-05-22,PRA3,3032.16,,,0
2022-05-23,PRA3,1555.37,,,0
2022-05-24,PRA3,1660.23,,,0
2022-05-25,PRA3,2570.91,,,0
2022-05-26,PRA3,1942.69,,,0
2022-05-27,PRA3,1112.65,,,0
2022-05-28,PRA3,799.62,,,0
2022-05-29,PRA3,1564.3000000000002,,,0
2022-05-30,PRA3,1524.73,,,0
2022-05-31,PRA3,1569.94,,,0
2022-06-01,PRA3,3140.89,,,0
2022-06-02,PRA3,1647.43,,,0
2022-06-03,PRA3,1279.14,,,0
2022-06-04,PRA3,1672.45,,,0
2022-06-05,PRA3,947.51,,,0
2022-06-06,PRA3,2053.55,,,0
2022-06-07,PRA3,1397.26,,,0
2022-06-08,PRA3,1660.49,,,0
2022-06-09,PRA3,1504.6,,,0
2022-06-10,PRA3,879.95,,,0
2022-06-11,PRA3,1824.73,,,0
2022-06-12,PRA3,1180.13,,,0
2022-06-13,PRA3,282.74,,,0
2022-06-14,PRA3,2613.66,,,0
2022-06-15,PRA3,314.1,,,0
2022-06-16,PRA3,935.08,,,0
2022-06-17,PRA3,2614.61,,,0
2022-06-18,PRA3,1008.08,,,0
2022-06-19,PRA3,1400.06,,,0
2022-06-20,PRA3,1762.92,,,0
2022-06-21,PRA3,2444.1,,,0
2022-06-22,PRA3,2602.2,,,0
2022-06-23,PRA3,783.11,,,0
2022-06-24,PRA3,1726.07,,,0
2022-06-25,PRA3,954.16,,,0
2022-06-26,PRA3,633.19,,,0
2022-06-27,PRA3,328.97,,,0
2022-06-28,PRA3,1076.73,,,0
2022-06-29,PRA3,653.23,,,0
2022-06-30,PRA3,2252.32,,,0
2022-07-01,PRA3,829.51,,,0
2022-07-02,PRA3,1119.11,,,0
2022-07-03,PRA3,1443.73,,,0
2022-07-04,PRA3,2043.72,,,0
2022-07-05,PRA3,869.49,,,0
2022-07-06,PRA3,1485.8300000000002,,,0
2022-07-07,PRA3,866.08,,,0
2022-07-08,PRA3,1697.18,,,0
2022-07-09,PRA3,824.87,,,0
2022-07-10,PRA3,2237.19,,,0
2022-07-11,PRA3,1297.11,,,0
2022-07-12,PRA3,1248.89,,,0
2022-07-13,PRA3,1169.18,,,0
2022-07-14,PRA3,1019.86,,,0
2022-07-15,PRA3,1450.83,,,0
2022-07-16,PRA3,822.62,,,0
2022-07-17,PRA3,2052.63,,,0
2022-07-18,PRA3,1556.26,,,0
2022-07-19,PRA3,1318.22,,,0
2022-07-20,PRA3,459.27,,,0
2022-07-21,PRA3,778.77,,,0
2022-07-22,PRA3,1355.92,,,0
2022-07-23,PRA3,1449.44,,,0
2022-07-24,PRA3,2039.6,,,0
2022-07-25,PRA3,632.66,,,0
2022-07-26,PRA3,1631.62,,,0
2022-07-27,PRA3,1061.73,,,0
2022-07-28,PRA3,1126.56,,,0
2022-07-29,PRA3,1032.58,,,0
2022-07-30,PRA3,1241.25,,,0
2022-07-31,PRA3,2036.49,,,0
2022-08-01,PRA3,2908.73,,,0
2022-08-02,PRA3,1599.61,,,0
2022-08-03,PRA3,899.55,,,0
2022-08-04,PRA3,729.61,,,0
2022-08-05,PRA3,1105.56,,,0
2022-08-06,PRA3,1491.74,,,0
2022-08-07,PRA3,1568.09,,,0
2022-08-08,PRA3,715.59,,,0
2022-08-09,PRA3,1196.06,,,0
2022-08-10,PRA3,2568.57,,,0
2022-08-11,PRA3,770.26,,,0
2022-08-12,PRA3,595.56,,,0
2022-08-13,PRA3,1071.09,,,0
2022-08-14,PRA3,1622.37,,,0
2022-08-15,PRA3,2244.93,,,0
2022-08-16,PRA3,515.4,,,0
2022-08-17,PRA3,1730.23,,,0
2022-08-18,PRA3,1736.14,,,0
2022-08-19,PRA3,1910.81,,,0
2022-08-20,PRA3,1360.25,,,0
2022-08-21,PRA3,1054.63,,,0
2022-08-22,PRA3,616.17,,,0
2022-08-23,PRA3,1516.69,,,0
2022-08-24,PRA3,1830.8,,,0
2022-08-25,PRA3,658.06,,,0
2022-08-26,PRA3,809.17,,,0
2022-08-27,PRA3,1440.34,,,0
2022-08-28,PRA3,1181.3,,,0
2022-08-29,PRA3,798.71,,,0
2022-08-30,PRA3,835.1899999999999,,,0
2022-08-31,PRA3,984.91,,,0
2022-09-01,PRA3,1742.62,,,0
2022-09-02,PRA3,2352.27,,,0
2022-09-03,PRA3,1222.13,,,0
2022-09-04,PRA3,1329.88,,,0
2022-09-05,PRA3,486.77,,,0
2022-09-06,PRA3,1572.77,,,0
2022-09-07,PRA3,1450.05,,,0
2022-09-08,PRA3,1710.91,,,0
2022-09-09,PRA3,2017.51,,,0
2022-09-10,PRA3,1160.42,,,0
2022-09-11,PRA3,666.11,,,0
2022-09-12,PRA3,1231.39,,,0
2022-09-13,PRA3,1707.95,,,0
2022-09-14,PRA3,2594.43,,,0
2022-09-15,PRA3,1377.8,,,0
2022-09-16,PRA3,1731.29,,,0
2022-09-17,PRA3,1695.5,,,0
2022-09-18,PRA3,715.87,,,0
2022-09-19,PRA3,570.95,,,0
2022-09-20,PRA3,2232.52,,,0
2022-09-21,PRA3,2336.34,,,0
2022-09-22,PRA3,1553.47,,,0
2022-09-23,PRA3,2526.01,,,0
2022-09-24,PRA3,1232.37,,,0
2022-09-25,PRA3,1608.34,,,0
2022-09-26,PRA3,585.58,,,0
2022-09-27,PRA3,3095.1,,,0
2022-09-28,PRA3,719.41,,,0
2022-09-29,PRA3,1148.24,,,0
2022-09-30,PRA3,1378.59,,,0
2022-10-01,PRA3,295.07,,,0
2022-10-02,PRA3,2224.41,,,0
2022-10-03,PRA3,1263.34,,,0
2022-10-04,PRA3,1689.46,,,0
2022-10-05,PRA3,622.66,,,0
2022-10-06,PRA3,2527.46,,,0
2022-10-07,PRA3,2603.28,,,0
2022-10-08,PRA3,420.37,,,0
2022-10-09,PRA3,1419.06,,,0
2022-10-10,PRA3,1348.0,,,0
2022-10-11,PRA3,1785.82,,,0
2022-10-12,PRA3,762.51,,,0
2022-10-13,PRA3,1329.43,,,0
2022-10-14,PRA3,2113.72,,,0
2022-10-15,PRA3,439.7,,,0
2022-10-16,PRA3,482.99,,,0
2022-10-17,PRA3,1596.75,,,0
2022-10-18,PRA3,861.64,,,0
2022-10-19,PRA3,1788.6699999999998,,,0
2022-10-20,PRA3,592.91,,,0
2022-10-21,PRA3,1830.01,,,0
2022-10-22,PRA3,1322.0,,,0
2022-10-23,PRA3,1476.75,,,0
2022-10-24,PRA3,1153.64,,,0
2022-10-25,PRA3,1606.7,,,0
2022-10-26,PRA3,1194.87,,,0
2022-10-27,PRA3,2465.3,,,0
2022-10-28,PRA3,2017.02,,,0
2022-10-29,PRA3,2016.04,,,0
2022-10-30,PRA3,1518.03,,,0
2022-10-31,PRA3,1133.09,,,0
2022-11-01,PRA3,1121.18,,,0
2022-11-02,PRA3,3673.08,,,0
2022-11-03,PRA3,1550.19,,,0
2022-11-04,PRA3,1990.57,,,0
2022-11-05,PRA3,1039.15,,,0
2022-11-06,PRA3,1717.02,,,0
2022-11-07,PRA3,871.11,,,0
2022-11-08,PRA3,1968.43,,,0
2022-11-09,PRA3,3169.86,,,0
2022-11-10,PRA3,932.16,,,0
2022-11-11,PRA3,1186.62,,,0
2022-11-12,PRA3,802.29,,,0
2022-11-13,PRA3,988.42,,,0
2022-11-14,PRA3,1548.13,,,0
2022-11-15,PRA3,416.51,,,0
2022-11-16,PRA3,1990.21,,,0
2022-11-17,PRA3,1444.89,,,0
2022-11-18,PRA3,869.01,,,0
2022-11-19,PRA3,2167.64,,,0
2022-11-20,PRA3,510.19,,,0
2022-11-21,PRA3,1740.82,,,0
2022-11-22,PRA3,558.8,,,0
2022-11-23,PRA3,1820.5,,,0
2022-11-24,PRA3,1795.04,,,0
2022-11-25,PRA3,1335.52,,,0
2022-11-26,PRA3,692.61,,,0
2022-11-27,PRA3,1384.74,,,0
2022-11-28,PRA3,1441.15,,,0
2022-11-29,PRA3,1434.92,,,0
2022-11-30,PRA3,568.65,,,0
2022-12-01,PRA3,1789.2,,,0
2022-12-02,PRA3,2189.42,,,0
2022-12-03,PRA3,1395.03,,,0
2022-12-04,PRA3,976.18,,,0
2022-12-05,PRA3,1936.02,,,0
2022-12-06,PRA3,1870.09,,,0
2022-12-07,PRA3,2313.14,,,0
2022-12-08,PRA3,1656.61,,,0
2022-12-09,PRA3,2147.03,,,0
2022-12-10,PRA3,1689.35,,,0
2022-12-11,PRA3,1842.69,,,0
2022-12-12,PRA3,2299.2,,,0
2022-12-13,PRA3,1541.66,,,0
2022-12-14,PRA3,1589.27,,,0
2022-12-15,PRA3,1983.65,,,0
2022-12-16,PRA3,1036.15,,,0
2022-12-17,PRA3,813.26,,,0
2022-12-18,PRA3,1349.47,,,0
2022-12-19,PRA3,849.73,,,0
2022-12-20,PRA3,1779.92,,,0
2022-12-21,PRA3,1741.53,,,0
2022-12-22,PRA3,1680.33,,,0
2022-12-23,PRA3,692.61,,,0
2022-12-24,PRA3,2038.55,,,0
2022-12-25,PRA3,638.82,,,0
2022-12-26,PRA3,552.43,,,0
2022-12-27,PRA3,1219.39,,,0
2022-12-28,PRA3,651.9,,,0
2022-12-29,PRA3,1874.66,,,0
2022-12-30,PRA3,1350.3,,,0
2022-12-31,PRA3,2373.33,,,0
2023-01-01,PRA3,870.74,,,0
2023-01-02,PRA3,416.29,,,0
2023-01-03,PRA3,1615.4199999999998,,,0
2023-01-04,PRA3,1822.82,,,0
2023-01-05,PRA3,1666.02,,,0
2023-01-06,PRA3,1628.4599999999998,,,0
2023-01-07,PRA3,2212.14,,,0
2023-01-08,PRA3,2268.26,,,0
2023-01-09,PRA3,2369.01,,,0
2023-01-10,PRA3,1110.8,,,0
2023-01-11,PRA3,1673.15,,,0
2023-01-12,PRA3,1681.65,,,0
2023-01-13,PRA3,1793.93,,,0
2023-01-14,PRA3,1766.0,,,0
2023-01-15,PRA3,1285.33,,,0
2023-01-16,PRA3,1516.11,,,0
2023-01-17,PRA3,3087.67,,,0
2023-01-18,PRA3,2262.54,,,0
2023-01-19,PRA3,1747.92,,,0
2023-01-20,PRA3,3799.14,,,0
2023-01-21,PRA3,1355.28,,,0
2023-01-22,PRA3,1133.5,,,0
2023-01-23,PRA3,899.28,,,0
2023-01-24,PRA3,3283.26,,,0
2023-01-25,PRA3,3388.11,,,0
2023-01-26,PRA3,1985.8,,,0
2023-01-27,PRA3,2076.3,,,0
2023-01-28,PRA3,2755.03,,,0
2023-01-29,PRA3,1689.07,,,0
2023-01-30,PRA3,1382.05,,,0
2023-01-31,PRA3,2402.44,,,0
2023-02-01,PRA3,2247.7,,,0
2023-02-02,PRA3,2440.57,,,0
2023-02-03,PRA3,2247.13,,,0
2023-02-04,PRA3,3386.23,,,0
2023-02-05,PRA3,1655.22,,,0
2023-02-06,PRA3,1573.44,,,0
2023-02-07,PRA3,1816.61,,,0
2023-02-08,PRA3,2394.81,,,0
2023-02-09,PRA3,2261.05,,,0
2023-02-10,PRA3,1993.68,,,0
2023-02-11,PRA3,1385.33,,,0
2023-02-12,PRA3,1845.04,,,0
2023-02-13,PRA3,1223.36,,,0
2023-02-14,PRA3,2097.52,,,0
2023-02-15,PRA3,1313.32,,,0
2023-02-16,PRA3,2206.99,,,0
2023-02-17,PRA3,1099.85,,,0
2023-02-18,PRA3,604.28,,,0
2023-02-19,PRA3,3114.66,,,0
2023-02-20,PRA3,2630.74,,,0
2023-02-21,PRA3,2991.61,,,0
2023-02-22,PRA3,2520.84,,,0
2023-02-23,PRA3,2288.84,,,0
2023-02-24,PRA3,2416.15,,,0
2023-02-25,PRA3,1988.5,,,0
2023-02-26,PRA3,3240.77,,,0
2023-02-27,PRA3,1455.69,,,0
2023-02-28,PRA3,2701.49,,,0
2023-03-01,PRA3,1607.36,,,0
2023-03-02,PRA3,1673.85,,,0
2023-03-03,PRA3,2302.77,,,0
2023-03-04,PRA3,3106.37,,,0
2023-03-05,PRA3,557.42,,,0
2023-03-06,PRA3,1602.11,,,0
2023-03-07,PRA3,2544.73,,,0
2023-03-08,PRA3,1744.95,,,0
2023-03-09,PRA3,2659.44,,,0
2023-03-10,PRA3,2353.08,,,0
2023-03-11,PRA3,1900.53,,,0
2023-03-12,PRA3,2295.31,,,0
2023-03-13,PRA3,2187.16,,,0
2023-03-14,PRA3,1637.89,,,0
2023-03-15,PRA3,1313.63,,,0
2023-03-16,PRA3,2696.25,,,0
2023-03-17,PRA3,2941.1,,,0
2023-03-18,PRA3,2114.82,,,0
2023-03-19,PRA3,1654.0,,,0
2023-03-20,PRA3,1569.76,,,0
2023-03-21,PRA3,4386.0,,,0
2023-03-22,PRA3,2025.27,,,0
2023-03-23,PRA3,1326.61,,,0
2023-03-24,PRA3,4289.56,,,0
2023-03-25,PRA3,1830.83,,,0
2023-03-26,PRA3,1323.4,,,0
2023-03-27,PRA3,3052.03,,,0
2023-03-28,PRA3,1457.01,,,0
2023-03-29,PRA3,2692.38,,,0
2023-03-30,PRA3,3252.0,,,0
2023-03-31,PRA3,694.34,,,0
2023-04-01,PRA3,930.25,,,0
2023-04-02,PRA3,2132.25,,,0
2023-04-03,PRA3,1523.76,,,0
2023-04-04,PRA3,1121.67,,,0
2023-04-05,PRA3,2600.87,,,0
2023-04-06,PRA3,1478.02,,,0
2023-04-07,PRA3,2618.32,,,0
2023-04-08,PRA3,2896.55,,,0
2023-04-09,PRA3,515.37,,,0
2023-04-10,PRA3,2832.26,,,0
2023-04-11,PRA3,1469.45,,,0
2023-04-12,PRA3,2743.8,,,0
2023-04-13,PRA3,2076.04,,,0
2023-04-14,PRA3,2000.09,,,0
2023-04-15,PRA3,3824.62,,,0
2023-04-16,PRA3,1066.63,,,0
2023-04-17,PRA3,1157.03,,,0
2023-04-18,PRA3,1972.13,,,0
2023-04-19,PRA3,2352.96,,,0
2023-04-20,PRA3,1905.11,,,0
2023-04-21,PRA3,3166.4,,,0
2023-04-22,PRA3,1984.88,,,0
2023-04-23,PRA3,2373.85,,,0
2023-04-24,PRA3,1937.11,,,0
2023-04-25,PRA3,1731.08,,,0
2023-04-26,PRA3,2223.87,,,0
2023-04-27,PRA3,1394.55,,,0
2023-04-28,PRA3,543.18,,,0
2023-04-29,PRA3,2528.57,,,0
2023-04-30,PRA3,845.33,,,0
2023-05-01,PRA3,1758.3,,,0
2023-05-02,PRA3,2680.41,,,0
2023-05-03,PRA3,411.87,,,0
2023-05-04,PRA3,2249.2,,,0
2023-05-05,PRA3,1292.85,,,0
2023-05-06,PRA3,1787.43,,,0
2023-05-07,PRA3,3131.26,,,0
2023-05-08,PRA3,1818.98,,,0
2023-05-09,PRA3,2165.8,,,0
2023-05-10,PRA3,1830.05,,,0
2023-05-11,PRA3,1240.31,,,0
2023-05-12,PRA3,2224.88,,,0
2023-05-13,PRA3,1178.37,,,0
2023-05-14,PRA3,1948.76,,,0
2023-05-15,PRA3,1707.71,,,0
2023-05-16,PRA3,2449.39,,,0
2023-05-17,PRA3,918.74,,,0
2023-05-18,PRA3,716.48,,,0
2023-05-19,PRA3,2073.35,,,0
2023-05-20,PRA3,1574.14,,,0
2023-05-21,PRA3,694.25,,,0
2023-05-22,PRA3,2534.95,,,0
2023-05-23,PRA3,2982.22,,,0
2023-05-24,PRA3,2249.16,,,0
2023-05-25,PRA3,2297.16,,,0
2023-05-26,PRA3,1078.58,,,0
2023-05-27,PRA3,1222.84,,,0
2023-05-28,PRA3,2516.57,,,0
2023-05-29,PRA3,874.17,,,0
2023-05-30,PRA3,2763.99,,,0
2023-05-31,PRA3,2324.21,,,0
2023-06-01,PRA3,2011.52,,,0
2023-06-02,PRA3,2481.29,,,0
2023-06-03,PRA3,442.03,,,0
2023-06-04,PRA3,2234.69,,,0
2023-06-05,PRA3,1408.43,,,0
2023-06-06,PRA3,842.96,,,0
2023-06-07,PRA3,1543.52,,,0
2023-06-08,PRA3,2148.61,,,0
2023-06-09,PRA3,2316.0,,,0
2023-06-10,PRA3,763.51,,,0
2023-06-11,PRA3,1951.87,,,0
2023-06-12,PRA3,1025.59,,,0
2023-06-13,PRA3,828.65,,,0
2023-06-14,PRA3,1541.0,,,0
2023-06-15,PRA3,618.8,,,0
2023-06-16,PRA3,1865.95,,,0
2023-06-17,PRA3,1986.3,,,0
2023-06-18,PRA3,2222.31,,,0
2023-06-19,PRA3,1350.01,,,0
2023-06-20,PRA3,4093.83,,,0
2023-06-21,PRA3,1885.13,,,0
2023-06-22,PRA3,1668.97,,,0
2023-06-23,PRA3,1581.88,,,0
2023-06-24,PRA3,2639.92,,,0
2023-06-25,PRA3,1528.82,,,0
2023-06-26,PRA3,1277.69,,,0
2023-06-27,PRA3,2176.93,,,0
2023-06-28,PRA3,2371.21,,,0
2023-06-29,PRA3,952.07,,,0
2023-06-30,PRA3,841.38,,,0
2023-07-01,PRA3,1007.31,,,0
2023-07-02,PRA3,767.8,,,0
2023-07-03,PRA3,1251.64,,,0
2023-07-04,PRA3,2387.28,,,0
2023-07-05,PRA3,2946.35,,,0
2023-07-06,PRA3,1103.08,,,0
2023-07-07,PRA3,2284.85,,,0
2023-07-08,PRA3,2536.49,,,0
2023-07-09,PRA3,1400.98,,,0
2023-07-10,PRA3,1802.86,,,0
2023-07-11,PRA3,1800.99,,,0
2023-07-12,PRA3,1663.88,,,0
2023-07-13,PRA3,1032.79,,,0
2023-07-14,PRA3,1427.72,,,0
2023-07-15,PRA3,1428.56,,,0
2023-07-16,PRA3,1811.16,,,0
2023-07-17,PRA3,2949.9,,,0
2023-07-18,PRA3,2400.35,,,0
2023-07-19,PRA3,616.03,,,0
2023-07-20,PRA3,652.72,,,0
2023-07-21,PRA3,821.87,,,0
2023-07-22,PRA3,1675.94,,,0
2023-07-23,PRA3,631.96,,,0
2023-07-24,PRA3,1671.31,,,0
2023-07-25,PRA3,2376.6,,,0
2023-07-26,PRA3,1632.97,,,0
2023-07-27,PRA3,1062.29,,,0
2023-07-28,PRA3,1216.78,,,0
2023-07-29,PRA3,1960.95,,,0
2023-07-30,PRA3,1350.83,,,0
2023-07-31,PRA3,330.84000000000003,,,0
2023-08-01,PRA3,1249.45,,,0
2023-08-02,PRA3,2466.9,,,0
2023-08-03,PRA3,1077.75,,,0
2023-08-04,PRA3,868.28,,,0
2023-08-05,PRA3,1471.56,,,0
2023-08-06,PRA3,1629.88,,,0
2023-08-07,PRA3,1387.06,,,0
2023-08-08,PRA3,1951.51,,,0
2023-08-09,PRA3,2523.5,,,0
2023-08-10,PRA3,1542.72,,,0
2023-08-11,PRA3,1316.94,,,0
2023-08-12,PRA3,1897.06,,,0
2023-08-13,PRA3,863.4,,,0
2023-08-14,PRA3,1128.59,,,0
2023-08-15,PRA3,855.08,,,0
2023-08-16,PRA3,2192.2,,,0
2023-08-17,PRA3,1963.66,,,0
2023-08-18,PRA3,1585.64,,,0
2023-08-19,PRA3,885.03,,,0
2023-08-20,PRA3,1262.38,,,0
2023-08-21,PRA3,1689.57,,,0
2023-08-22,PRA3,1151.6,,,0
2023-08-23,PRA3,1262.27,,,0
2023-08-24,PRA3,1312.59,,,0
2023-08-25,PRA3,527.33,,,0
2023-08-26,PRA3,895.27,,,0
2023-08-27,PRA3,1562.0,,,0
2023-08-28,PRA3,1121.41,,,0
2023-08-29,PRA3,2083.24,,,0
2023-08-30,PRA3,2108.41,,,0
2023-08-31,PRA3,545.62,,,0
2023-09-01,PRA3,1887.34,,,0
2023-09-02,PRA3,1752.04,,,0
2023-09-03,PRA3,680.74,,,0
2023-09-04,PRA3,2843.48,,,0
2023-09-05,PRA3,1586.19,,,0
2023-09-06,PRA3,2223.08,,,0
2023-09-07,PRA3,1272.0,,,0
2023-09-08,PRA3,3470.75,,,0
2023-09-09,PRA3,2834.98,,,0
2023-09-10,PRA3,623.78,,,0
2023-09-11,PRA3,391.62,,,0
2023-09-12,PRA3,877.07,,,0
2023-09-13,PRA3,2167.03,,,0
2023-09-14,PRA3,1237.82,,,0
2023-09-15,PRA3,1677.46,,,0
2023-09-16,PRA3,816.38,,,0
2023-09-17,PRA3,3529.27,,,0
2023-09-18,PRA3,943.24,,,0
2023-09-19,PRA3,3432.89,,,0
2023-09-20,PRA3,1905.74,,,0
2023-09-21,PRA3,1250.54,,,0
2023-09-22,PRA3,504.1,,,0
2023-09-23,PRA3,1811.2,,,0
2023-09-24,PRA3,513.97,,,0
2023-09-25,PRA3,1985.98,,,0
2023-09-26,PRA3,454.62,,,0
2023-09-27,PRA3,1076.32,,,0
2023-09-28,PRA3,2066.38,,,0
2023-09-29,PRA3,1814.23,,,0
2023-09-30,PRA3,706.4,,,0
2023-10-01,PRA3,1103.92,,,0
2023-10-02,PRA3,592.48,,,0
2023-10-03,PRA3,724.62,,,0
2023-10-04,PRA3,1643.81,,,0
2023-10-05,PRA3,1261.88,,,0
2023-10-06,PRA3,1887.8,,,0
2023-10-07,PRA3,1565.87,,,0
2023-10-08,PRA3,1667.2,,,0
2023-10-09,PRA3,1641.76,,,0
2023-10-10,PRA3,1315.92,,,0
2023-10-11,PRA3,1065.6,,,0
2023-10-12,PRA3,0.0,,,0
2023-10-13,PRA3,1274.56,,,0
2023-10-14,PRA3,610.9100000000001,,,0
2023-10-15,PRA3,1197.31,,,0
2023-10-16,PRA3,1178.84,,,0
2023-10-17,PRA3,1688.52,,,0
2023-10-18,PRA3,1991.03,,,0
2023-10-19,PRA3,892.87,,,0
2023-10-20,PRA3,2052.2200000000003,,,0
2023-10-21,PRA3,2535.15,,,0
2023-10-22,PRA3,1807.49,,,0
2023-10-23,PRA3,634.96,,,0
2023-10-24,PRA3,1474.79,,,0
2023-10-25,PRA3,2721.46,,,0
2023-10-26,PRA3,682.08,,,0
2023-10-27,PRA3,1064.94,,,0
2023-10-28,PRA3,762.25,,,0
2023-10-29,PRA3,1091.14,,,0
2023-10-30,PRA3,1035.98,,,0
2023-10-31,PRA3,1829.5,,,0
2023-11-01,PRA3,1675.94,,,0
2023-11-02,PRA3,1431.25,,,0
2023-11-03,PRA3,584.1,,,0
2023-11-04,PRA3,1009.41,,,0
2023-11-05,PRA3,831.34,,,0
2023-11-06,PRA3,881.31,,,0
2023-11-07,PRA3,2925.43,,,0
2023-11-08,PRA3,1318.84,,,0
2023-11-09,PRA3,884.76,,,0
2023-11-10,PRA3,1070.94,,,0
2023-11-11,PRA3,2025.3,,,0
2023-11-12,PRA3,1823.5,,,0
2023-11-13,PRA3,2077.74,,,0
2023-11-14,PRA3,3546.75,,,0
2023-11-15,PRA3,1125.4,,,0
2023-11-16,PRA3,1603.78,,,0
2023-11-17,PRA3,2205.44,,,0
2023-11-18,PRA3,1604.74,,,0
2023-11-19,PRA3,812.4399999999999,,,0
2023-11-20,PRA3,2217.15,,,0
2023-11-21,PRA3,1943.53,,,0
2023-11-22,PRA3,1231.89,,,0
2023-11-23,PRA3,1711.01,,,0
2023-11-24,PRA3,2819.17,,,0
2023-11-25,PRA3,1495.36,,,0
2023-11-26,PRA3,1227.99,,,0
2023-11-27,PRA3,1684.49,,,0
2023-11-28,PRA3,2017.05,,,0
2023-11-29,PRA3,739.24,,,0
2023-11-30,PRA3,1300.21,,,0
2023-12-01,PRA3,2234.12,,,0
2023-12-02,PRA3,1364.37,,,0
2023-12-03,PRA3,1056.13,,,0
2023-12-04,PRA3,1507.98,,,0
2023-12-05,PRA3,1813.85,,,0
2023-12-06,PRA3,556.21,,,0
2023-12-07,PRA3,932.78,,,0
2023-12-08,PRA3,1882.55,,,0
2023-12-09,PRA3,1904.64,,,0
2023-12-10,PRA3,2478.08,,,0
2023-12-11,PRA3,2160.63,,,0
2023-12-12,PRA3,3324.21,,,0
2023-12-13,PRA3,993.8,,,0
2023-12-14,PRA3,842.02,,,0
2023-12-15,PRA3,800.71,,,0
2023-12-16,PRA3,2198.61,,,0
2023-12-17,PRA3,1652.15,,,0
2023-12-18,PRA3,896.51,,,0
2023-12-19,PRA3,1325.22,,,0
2023-12-20,PRA3,1542.51,,,0
2023-12-21,PRA3,1127.94,,,0
2023-12-22,PRA3,2296.15,,,0
2023-12-23,PRA3,679.23,,,0
2023-12-24,PRA3,2757.61,,,0
2023-12-25,PRA3,2052.68,,,0
2023-12-26,PRA3,703.91,,,0
2023-12-27,PRA3,676.92,,,0
2023-12-28,PRA3,2209.03,,,0
2023-12-29,PRA3,1292.13,,,0
2023-12-30,PRA3,3127.17,,,0
2023-12-31,PRA3,1524.95,,,0
2024-01-01,PRA3,1980.42,,,0
2024-01-02,PRA3,1590.22,,,0
2024-01-03,PRA3,2813.19,,,0
2024-01-04,PRA3,1784.77,,,0
2024-01-05,PRA3,1841.49,,,0
2024-01-06,PRA3,1155.38,,,0
2024-01-07,PRA3,2221.94,,,0
2024-01-08,PRA3,1056.81,,,0
2024-01-09,PRA3,3982.48,,,0
2024-01-10,PRA3,1043.77,,,0
2024-01-11,PRA3,2667.8,,,0
2024-01-12,PRA3,1580.63,,,0
2024-01-13,PRA3,1163.08,,,0
2024-01-14,PRA3,1755.84,,,0
2024-01-15,PRA3,1857.76,,,0
2024-01-16,PRA3,3560.19,,,0
2024-01-17,PRA3,2594.94,,,0
2024-01-18,PRA3,1274.15,,,0
2024-01-19,PRA3,1142.67,,,0
2024-01-20,PRA3,1356.39,,,0
2024-01-21,PRA3,1204.47,,,0
2024-01-22,PRA3,2026.15,,,0
2024-01-23,PRA3,1481.5700000000002,,,0
2024-01-24,PRA3,2606.53,,,0
2024-01-25,PRA3,2152.04,,,0
2024-01-26,PRA3,828.42,,,0
2024-01-27,PRA3,1857.62,,,0
2024-01-28,PRA3,2254.03,,,0
2024-01-29,PRA3,932.8,,,0
2024-01-30,PRA3,1972.4,,,0
2024-01-31,PRA3,890.55,,,0
2024-02-01,PRA3,1509.09,,,0
2024-02-02,PRA3,1658.66,,,0
2024-02-03,PRA3,1261.37,,,0
2024-02-04,PRA3,1116.43,,,0
2024-02-05,PRA3,2382.42,,,0
2024-02-06,PRA3,2306.59,,,0
2024-02-07,PRA3,2840.42,,,0
2024-02-08,PRA3,2091.93,,,0
2024-02-09,PRA3,2475.13,,,0
2024-02-10,PRA3,1900.6,,,0
2024-02-11,PRA3,1075.32,,,0
2024-02-12,PRA3,2166.49,,,0
2024-02-13,PRA3,2346.46,,,0
2024-02-14,PRA3,3757.38,,,0
2024-02-15,PRA3,1571.38,,,0
2024-02-16,PRA3,3326.13,,,0
2024-02-17,PRA3,1830.29,,,0
2024-02-18,PRA3,1733.48,,,0
2024-02-19,PRA3,2797.34,,,0
2024-02-20,PRA3,1459.77,,,0
2024-02-21,PRA3,2016.55,,,0
2024-02-22,PRA3,1779.31,,,0
2024-02-23,PRA3,1078.06,,,0
2024-02-24,PRA3,1688.0,,,0
2024-02-25,PRA3,3415.24,,,0
2024-02-26,PRA3,2134.13,,,0
2024-02-27,PRA3,1779.63,,,0
2024-02-28,PRA3,2171.15,,,0
2024-02-29,PRA3,2844.18,,,0
2024-03-01,PRA3,2246.39,,,0
2024-03-02,PRA3,2735.81,,,0
2024-03-03,PRA3,2973.91,,,0
2024-03-04,PRA3,1093.23,,,0
2024-03-05,PRA3,1469.56,,,0
2024-03-06,PRA3,2823.69,,,0
2024-03-07,PRA3,1192.67,,,0
2024-03-08,PRA3,2490.11,,,0
2024-03-09,PRA3,2064.41,,,0
2024-03-10,PRA3,2703.55,,,0
2024-03-11,PRA3,2392.8,,,0
2024-03-12,PRA3,2115.35,,,0
2024-03-13,PRA3,2406.09,,,0
2024-03-14,PRA3,1660.55,,,0
2024-03-15,PRA3,528.96,,,0
2024-03-16,PRA3,1974.4,,,0
2024-03-17,PRA3,1882.8,,,0
2024-03-18,PRA3,1434.54,,,0
2024-03-19,PRA3,2689.11,,,0
2024-03-20,PRA3,3198.07,,,0
2024-03-21,PRA3,1456.65,,,0
2024-03-22,PRA3,2187.65,,,0
2024-03-23,PRA3,3826.69,,,0
2024-03-24,PRA3,1265.39,,,0
2024-03-25,PRA3,1845.95,,,0
2024-03-26,PRA3,1068.71,,,0
2024-03-27,PRA3,2128.55,,,0
2024-03-28,PRA3,1985.41,,,0
2024-03-29,PRA3,3165.61,,,0
2024-03-30,PRA3,3029.15,,,0
2024-03-31,PRA3,1529.12,,,0
2024-04-01,PRA3,2588.72,,,0
2024-04-02,PRA3,2587.24,,,0
2024-04-03,PRA3,1934.45,,,0
2024-04-04,PRA3,1656.34,,,0
2024-04-05,PRA3,2970.93,,,0
2024-04-06,PRA3,2592.7,,,0
2024-04-07,PRA3,1947.64,,,0
2024-04-08,PRA3,424.73,,,0
2024-04-09,PRA3,607.85,,,0
2024-04-10,PRA3,3414.02,,,0
2024-04-11,PRA3,1384.19,,,0
2024-04-12,PRA3,3146.35,,,0
2024-04-13,PRA3,2620.83,,,0
2024-04-14,PRA3,2799.63,,,0
2024-04-15,PRA3,411.96,,,0
2024-04-16,PRA3,1715.35,,,0
2024-04-17,PRA3,2971.32,,,0
2024-04-18,PRA3,1658.4,,,0
2024-04-19,PRA3,2332.8,,,0
2024-04-20,PRA3,4153.63,,,0
2024-04-21,PRA3,1556.53,,,0
2024-04-22,PRA3,2462.96,,,0
2024-04-23,PRA3,1554.69,,,0
2024-04-24,PRA3,1624.46,,,0
2024-04-25,PRA3,1567.76,,,0
2024-04-26,PRA3,2327.24,,,0
2024-04-27,PRA3,2369.12,,,0
2024-04-28,PRA3,939.1,,,0
2024-04-29,PRA3,1614.11,,,0
2024-04-30,PRA3,3155.25,,,0
2024-05-01,PRA3,1052.74,,,0
2024-05-02,PRA3,1036.63,,,0
2024-05-03,PRA3,1700.4,,,0
2024-05-04,PRA3,1230.19,,,0
2024-05-05,PRA3,672.88,,,0
2024-05-06,PRA3,1914.47,,,0
2024-05-07,PRA3,2729.7200000000003,,,0
2024-05-08,PRA3,2033.5,,,0
2024-05-09,PRA3,2276.18,,,0
2024-05-10,PRA3,654.34,,,0
2024-05-11,PRA3,985.27,,,0
2024-05-12,PRA3,1164.37,,,0
2024-05-13,PRA3,2098.94,,,0
2024-05-14,PRA3,927.7,,,0
2024-05-15,PRA3,1203.14,,,0
2024-05-16,PRA3,596.11,,,0
2024-05-17,PRA3,2683.79,,,0
2024-05-18,PRA3,1721.71,,,0
2024-05-19,PRA3,502.41,,,0
2024-05-20,PRA3,2202.89,,,0
2024-05-21,PRA3,2293.75,,,0
2024-05-22,PRA3,2022.04,,,0
2024-05-23,PRA3,1384.97,,,0
2024-05-24,PRA3,1437.15,,,0
2024-05-25,PRA3,2210.63,,,0
2024-05-26,PRA3,2790.21,,,0
2024-05-27,PRA3,1506.25,,,0
2024-05-28,PRA3,1684.43,,,0
2024-05-29,PRA3,2262.03,,,0
2024-05-30,PRA3,2201.42,,,0
2024-05-31,PRA3,1984.71,,,0
2024-06-01,PRA3,2036.33,,,0
2024-06-02,PRA3,2204.71,,,0
2024-06-03,PRA3,678.22,,,0
2024-06-04,PRA3,1149.02,,,0
2024-06-05,PRA3,2693.58,,,0
2024-06-06,PRA3,1578.8,,,0
2024-06-07,PRA3,2530.12,,,0
2024-06-08,PRA3,2390.61,,,0
2024-06-09,PRA3,1313.59,,,0
2024-06-10,PRA3,511.0,,,0
2024-06-11,PRA3,1738.99,,,0
2024-06-12,PRA3,1065.49,,,0
2024-06-13,PRA3,1288.89,,,0
2024-06-14,PRA3,1218.19,,,0
2024-06-15,PRA3,1259.14,,,0
2024-06-16,PRA3,1354.52,,,0
2024-06-17,PRA3,922.59,,,0
2024-06-18,PRA3,578.36,,,0
2024-06-19,PRA3,1735.84,,,0
2024-06-20,PRA3,1648.44,,,0
2024-06-21,PRA3,1431.49,,,0
2024-06-22,PRA3,1137.52,,,0
2024-06-23,PRA3,2095.78,,,0
2024-06-24,PRA3,2185.29,,,0
2024-06-25,PRA3,2133.53,,,0
2024-06-26,PRA3,1608.56,,,0
2024-06-27,PRA3,752.29,,,0
2024-06-28,PRA3,2894.53,,,0
2024-06-29,PRA3,1163.41,,,0
2024-06-30,PRA3,2271.53,,,0
2024-07-01,PRA3,2529.78,,,0
2024-07-02,PRA3,2776.73,,,0
2024-07-03,PRA3,1583.49,,,0
2024-07-04,PRA3,1580.57,,,0
2024-07-05,PRA3,1992.16,,,0
2024-07-06,PRA3,1736.45,,,0
2024-07-07,PRA3,3996.4,,,0
2024-07-08,PRA3,2199.79,,,0
2024-07-09,PRA3,2081.3,,,0
2024-07-10,PRA3,2224.0,,,0
2024-07-11,PRA3,862.13,,,0
2024-07-12,PRA3,794.29,,,0
2024-07-13,PRA3,1549.1799999999998,,,0
2024-07-14,PRA3,2691.37,,,0
2024-07-15,PRA3,2140.98,,,0
2024-07-16,PRA3,785.53,,,0
2024-07-17,PRA3,1031.77,,,0
2024-07-18,PRA3,699.8000000000001,,,0
2024-07-19,PRA3,606.73,,,0
2024-07-20,PRA3,1319.44,,,0
2024-07-21,PRA3,891.51,,,0
2024-07-22,PRA3,1174.57,,,0
2024-07-23,PRA3,1534.1799999999998,,,0
2024-07-24,PRA3,633.5699999999999,,,0
2024-07-25,PRA3,2520.08,,,0
2024-07-26,PRA3,1767.73,,,0
2024-07-27,PRA3,2490.37,,,0
2024-07-28,PRA3,815.36,,,0
2024-07-29,PRA3,1665.62,,,0
2024-07-30,PRA3,963.03,,,0
2024-07-31,PRA3,2825.11,,,0
2024-08-01,PRA3,2126.5,,,0
2024-08-02,PRA3,1218.8,,,0
2024-08-03,PRA3,1647.88,,,0
2024-08-04,PRA3,1686.5,,,0
2024-08-05,PRA3,833.69,,,0
2024-08-06,PRA3,1650.3,,,0
2024-08-07,PRA3,1571.26,,,0
2024-08-08,PRA3,1399.91,,,0
2024-08-09,PRA3,1128.37,,,0
2024-08-10,PRA3,1320.98,,,0
2024-08-11,PRA3,1444.79,,,0
2024-08-12,PRA3,1042.92,,,0
2024-08-13,PRA3,704.63,,,0
2024-08-14,PRA3,1065.57,,,0
2024-08-15,PRA3,1584.51,,,0
2024-08-16,PRA3,1233.95,,,0
2024-08-17,PRA3,953.78,,,0
2024-08-18,PRA3,2039.25,,,0
2024-08-19,PRA3,1725.54,,,0
2024-08-20,PRA3,1433.39,,,0
2024-08-21,PRA3,1210.98,,,0
2024-08-22,PRA3,2095.8,,,0
2024-08-23,PRA3,1847.07,,,0
2024-08-24,PRA3,2202.12,,,0
2024-08-25,PRA3,944.07,,,0
2024-08-26,PRA3,1771.54,,,0
2024-08-27,PRA3,1026.32,,,0
2024-08-28,PRA3,649.33,,,0
2024-08-29,PRA3,488.39,,,0
2024-08-30,PRA3,800.39,,,0
2024-08-31,PRA3,787.42,,,0
2024-09-01,PRA3,1026.29,,,0
2024-09-02,PRA3,1144.55,,,0
2024-09-03,PRA3,1141.61,,,0
2024-09-04,PRA3,203.81,,,0
2024-09-05,PRA3,1847.55,,,0
2024-09-06,PRA3,956.64,,,0
2024-09-07,PRA3,1626.4199999999998,,,0
2024-09-08,PRA3,1682.11,,,0
2024-09-09,PRA3,1158.41,,,0
2024-09-10,PRA3,1228.31,,,0
2024-09-11,PRA3,789.8199999999999,,,0
2024-09-12,PRA3,1954.75,,,0
2024-09-13,PRA3,1543.52,,,0
2024-09-14,PRA3,1267.93,,,0
2024-09-15,PRA3,1132.05,,,0
2024-09-16,PRA3,1776.0,,,0
2024-09-17,PRA3,775.94,,,0
2024-09-18,PRA3,1565.75,,,0
2024-09-19,PRA3,1483.75,,,0
2024-09-20,PRA3,1329.46,,,0
2024-09-21,PRA3,620.02,,,0
2024-09-22,PRA3,535.45,,,0
2024-09-23,PRA3,2081.5,,,0
2024-09-24,PRA3,1615.41,,,0
2024-09-25,PRA3,1235.27,,,0
2024-09-26,PRA3,2114.61,,,0
2024-09-27,PRA3,1559.5,,,0
2024-09-28,PRA3,841.94,,,0
2024-09-29,PRA3,1631.32,,,0
2024-09-30,PRA3,2183.97,,,0
2024-10-01,PRA3,2271.59,,,0
2024-10-02,PRA3,987.11,,,0
2024-10-03,PRA3,770.07,,,0
2024-10-04,PRA3,649.72,,,0
2024-10-05,PRA3,790.69,,,0
2024-10-06,PRA3,1512.14,,,0
2024-10-07,PRA3,1326.19,,,0
2024-10-08,PRA3,628.38,,,0
2024-10-09,PRA3,2208.1,,,0
2024-10-10,PRA3,789.41,,,0
2024-10-11,PRA3,669.37,,,0
2024-10-12,PRA3,1298.96,,,0
2024-10-13,PRA3,1841.1,,,0
2024-10-14,PRA3,2220.85,,,0
2024-10-15,PRA3,1566.81,,,0
2024-10-16,PRA3,1658.5,,,0
2024-10-17,PRA3,828.49,,,0
2024-10-18,PRA3,2245.79,,,0
2024-10-19,PRA3,1310.26,,,0
2024-10-20,PRA3,1786.07,,,0
2024-10-21,PRA3,1671.85,,,0
2024-10-22,PRA3,1818.26,,,0
2024-10-23,PRA3,721.3199999999999,,,0
2024-10-24,PRA3,322.82,,,0
2024-10-25,PRA3,2811.51,,,0
2024-10-26,PRA3,2777.03,,,0
2024-10-27,PRA3,1260.25,,,0
2024-10-28,PRA3,1644.4,,,0
2024-10-29,PRA3,2360.28,,,0
2024-10-30,PRA3,1469.96,,,0
2024-10-31,PRA3,923.15,,,0
2024-11-01,PRA3,1510.87,,,0
2024-11-02,PRA3,1092.3200000000002,,,0
2024-11-03,PRA3,1100.45,,,0
2024-11-04,PRA3,1362.39,,,0
2024-11-05,PRA3,1310.27,,,0
2024-11-06,PRA3,766.29,,,0
2024-11-07,PRA3,1869.26,,,0
2024-11-08,PRA3,1200.73,,,0
2024-11-09,PRA3,2318.53,,,0
2024-11-10,PRA3,3107.17,,,0
2024-11-11,PRA3,1080.9,,,0
2024-11-12,PRA3,1938.58,,,0
2024-11-13,PRA3,864.08,,,0
2024-11-14,PRA3,1752.22,,,0
2024-11-15,PRA3,1502.71,,,0
2024-11-16,PRA3,1759.45,,,0
2024-11-17,PRA3,1772.34,,,0
2024-11-18,PRA3,825.08,,,0
2024-11-19,PRA3,2346.72,,,0
2024-11-20,PRA3,2615.03,,,0
2024-11-21,PRA3,1142.23,,,0
2024-11-22,PRA3,3132.91,,,0
2024-11-23,PRA3,922.89,,,0
2024-11-24,PRA3,1518.44,,,0
2024-11-25,PRA3,1461.2,,,0
2024-11-26,PRA3,1844.99,,,0
2024-11-27,PRA3,1823.24,,,0
2024-11-28,PRA3,900.5,,,0
2024-11-29,PRA3,2409.84,,,0
2024-11-30,PRA3,2015.83,,,0
2024-12-01,PRA3,1661.36,,,0
2024-12-02,PRA3,951.58,,,0
2024-12-03,PRA3,1628.78,,,0
2024-12-04,PRA3,1581.5,,,0
2024-12-05,PRA3,1029.7,,,0
2024-12-06,PRA3,2630.81,,,0
2024-12-07,PRA3,1076.32,,,0
2024-12-08,PRA3,2158.73,,,0
2024-12-09,PRA3,1630.51,,,0
2024-12-10,PRA3,1708.46,,,0
2024-12-11,PRA3,809.03,,,0
2024-12-12,PRA3,2252.87,,,0
2024-12-13,PRA3,2709.96,,,0
2024-12-14,PRA3,2646.54,,,0
2024-12-15,PRA3,1853.47,,,0
2024-12-16,PRA3,1376.36,,,0
2024-12-17,PRA3,2607.9,,,0
2024-12-18,PRA3,1679.16,,,0
2024-12-19,PRA3,1168.44,,,0
2024-12-20,PRA3,3149.88,,,0
2024-12-21,PRA3,1894.57,,,0
2024-12-22,PRA3,1185.08,,,0
2024-12-23,PRA3,1771.59,,,0
2024-12-24,PRA3,381.19,,,0
2024-12-25,PRA3,1796.43,,,0
2024-12-26,PRA3,1903.34,,,0
2024-12-27,PRA3,1899.24,,,0
2024-12-28,PRA3,1716.48,,,0
2024-12-29,PRA3,2520.53,,,0
2024-12-30,PRA3,2028.12,,,0
2024-12-31,PRA3,1869.82,,,0
2025-01-01,PRA3,1892.8001603935527,1005.6359007531704,2779.964420033935,1
2025-01-02,PRA3,1681.5065762539846,769.1433012155497,2593.8698512924193,1
2025-01-03,PRA3,1982.5352130271442,1068.3014406562397,2896.7689853980487,1
2025-01-04,PRA3,1918.92188168709,1004.397603131969,2833.446160242211,1
2025-01-05,PRA3,1880.961709500195,966.3155876157912,2795.6078313845987,1
2025-01-06,PRA3,1777.3090828874685,862.569593602999,2692.048572171938,1
2025-01-07,PRA3,1941.4815272856292,1026.6546598878663,2856.308394683392,1
2025-01-08,PRA3,1914.792910280864,999.3856570329168,2830.200163528811,1
2025-01-09,PRA3,1688.0779683880953,772.5064949776298,2603.649441798561,1
2025-01-10,PRA3,1985.5729019516405,1069.8968126565107,2901.24899124677,1
2025-01-11,PRA3,1921.1498456461532,1005.3808434670475,2836.918847825259,1
2025-01-12,PRA3,1883.0041302823831,967.1449461339123,2798.863314430854,1
2025-01-13,PRA3,1779.3089876648962,863.3602048237317,2695.2577705060608,1
2025-01-14,PRA3,1943.471689798797,1027.433438719059,2859.5099408785345,1
2025-01-15,PRA3,1916.7808404179311,1000.1538700442052,2833.407810791657,1
2025-01-16,PRA3,1690.0653869907883,773.2691423971083,2606.8616315844683,1
2025-01-17,PRA3,1987.560203339579,1070.6551832795312,2904.4652233996267,1
2025-01-18,PRA3,1923.1371201750978,1006.1352264845661,2840.1390138656297,1
2025-01-19,PRA3,1884.991398656765,967.8954406142627,2802.0873566992677,1
2025-01-20,PRA3,1781.2962546290005,864.1068274621365,2698.4856817958644,1
2025-01-21,PRA3,1945.4589564397452,1028.1761934876567,2862.7417193918336,1
2025-01-22,PRA3,1918.7681069848304,1000.8872416040327,2836.648972365628,1
2025-01-23,PRA3,1692.0526535407196,773.9972703291919,2610.1080367522472,1
2025-01-24,PRA3,1989.5474698856221,1071.3790577680427,2907.715882003202,1
2025-01-25,PRA3,1925.1243867202502,1006.8550630493694,2843.393710391131,1
2025-01-26,PRA3,1886.9786652017133,968.6113211043305,2805.3460092990963,1
2025-01-27,PRA3,1783.2835211739018,864.8187646670804,2701.7482776807233,1
2025-01-28,PRA3,1947.4462229846358,1028.8841905204931,2866.0082554487785,1
